"Ligand_ApprovedSymbol","cECs.1","pericytes.1","cortex.astrocytes"
"A2m",0,0,0.0428699875179695
"Aanat",0,0,0
"Aanat.1",0,0,0
"Ace",0.098818673298239,0,0.00515884234576683
"Ace.1",0.098818673298239,0,0.00515884234576683
"Adam10",3.75385292322948,1.46986925637481,0.91564059147079
"Adam10.1",3.75385292322948,1.46986925637481,0.91564059147079
"Adam12",0,0.0289618431259752,0.0260382218401281
"Adam12.1",0,0.0289618431259752,0.0260382218401281
"Adam12.2",0,0.0289618431259752,0.0260382218401281
"Adam15",0.898808542417634,0.246193585707976,0.13741661906232
"Adam15.1",0.898808542417634,0.246193585707976,0.13741661906232
"Adam15.2",0.898808542417634,0.246193585707976,0.13741661906232
"Adam15.3",0.898808542417634,0.246193585707976,0.13741661906232
"Adam15.4",0.898808542417634,0.246193585707976,0.13741661906232
"Adam17",1.3672448442107,0.605355351959262,0.540295075735494
"Adam17.1",1.3672448442107,0.605355351959262,0.540295075735494
"Adam17.2",1.3672448442107,0.605355351959262,0.540295075735494
"Adam17.3",1.3672448442107,0.605355351959262,0.540295075735494
"Adam23",0.00786340170408716,0,0.419511925910948
"Adam23.1",0.00786340170408716,0,0.419511925910948
"Adam28",0.0646210375835405,0.015429578198252,0.0481466257126763
"Adam2",0.208557601725177,0.252200109446789,0.304965649809611
"Adam2.1",0.208557601725177,0.252200109446789,0.304965649809611
"Adam2.2",0.208557601725177,0.252200109446789,0.304965649809611
"Adam2.3",0.208557601725177,0.252200109446789,0.304965649809611
"Adam2.4",0.208557601725177,0.252200109446789,0.304965649809611
"Adam9",0.311990841368746,0.335880950262379,0.147261380221851
"Adam9.1",0.311990841368746,0.335880950262379,0.147261380221851
"Adam9.2",0.311990841368746,0.335880950262379,0.147261380221851
"Adam9.3",0.311990841368746,0.335880950262379,0.147261380221851
"Adam9.4",0.311990841368746,0.335880950262379,0.147261380221851
"Adcyap1",0,0,0.0006605533938986
"Adcyap1.1",0,0,0.0006605533938986
"Adcyap1.2",0,0,0.0006605533938986
"Adcyap1.3",0,0,0.0006605533938986
"Adipoq",0,0,0
"Adipoq.1",0,0,0
"Adm2",0,0,0
"Adm2.1",0,0,0
"Adm2.2",0,0,0
"Adm",0.11715429497558,0.267992903551796,0.00305194708883891
"Adm.1",0.11715429497558,0.267992903551796,0.00305194708883891
"Adm.2",0.11715429497558,0.267992903551796,0.00305194708883891
"Adm.3",0.11715429497558,0.267992903551796,0.00305194708883891
"Agrn",4.18240383728989,2.50458093074847,0.671094872507288
"Agrn.1",4.18240383728989,2.50458093074847,0.671094872507288
"Agrn.2",4.18240383728989,2.50458093074847,0.671094872507288
"Agrp",0,0,0
"Agrp.1",0,0,0
"Agrp.2",0,0,0
"Agrp.3",0,0,0
"Agt",0,0,0.795419495178573
"Agt.1",0,0,0.795419495178573
"Agt.2",0,0,0.795419495178573
"Agt.3",0,0,0.795419495178573
"Ahsg",0,0,0
"Alb",0,0,0
"Amelx",0,0,0
"Amh",0,0,0
"Amh.1",0,0,0
"Amh.2",0,0,0
"Angpt1",0,0.148243121298393,0.0238344068414248
"Angpt1.1",0,0.148243121298393,0.0238344068414248
"Angpt1.2",0,0.148243121298393,0.0238344068414248
"Angpt2",0.328736626497363,0.49864958661756,0.0027608920547627
"Angpt4",0,0,0.00110872716300341
"Angptl1",0.0256444833156754,0,0.090487264863274
"Angptl3",0,0,0.0197843359609917
"Angptl3.1",0,0,0.0197843359609917
"Angptl3.2",0,0,0.0197843359609917
"Anxa1",0.0445280877678047,0.0492510057731606,0
"Anxa1.1",0.0445280877678047,0.0492510057731606,0
"Anxa1.2",0.0445280877678047,0.0492510057731606,0
"Anxa1.3",0.0445280877678047,0.0492510057731606,0
"Apln",0.0068307028345621,0,2.55354578141697
"Apob",0,0,0
"Apob.1",0,0,0
"Apob.2",0,0,0
"Apob.3",0,0,0
"Apod",1.044485253583,0.698354569458106,0.0199301890387076
"Apoe",3.2752245046777,0.518969895015452,41.0017482811971
"Apoe.1",3.2752245046777,0.518969895015452,41.0017482811971
"Apoe.2",3.2752245046777,0.518969895015452,41.0017482811971
"Apoe.3",3.2752245046777,0.518969895015452,41.0017482811971
"Apoe.4",3.2752245046777,0.518969895015452,41.0017482811971
"Apoe.5",3.2752245046777,0.518969895015452,41.0017482811971
"Apoe.6",3.2752245046777,0.518969895015452,41.0017482811971
"Apoe.7",3.2752245046777,0.518969895015452,41.0017482811971
"App",13.8802068938605,6.60482082014877,0.159912311398551
"App.1",13.8802068938605,6.60482082014877,0.159912311398551
"App.2",13.8802068938605,6.60482082014877,0.159912311398551
"App.3",13.8802068938605,6.60482082014877,0.159912311398551
"App.4",13.8802068938605,6.60482082014877,0.159912311398551
"App.5",13.8802068938605,6.60482082014877,0.159912311398551
"App.6",13.8802068938605,6.60482082014877,0.159912311398551
"NA.",NA,NA,NA
"NA..1",NA,NA,NA
"Arf1",4.29636955795466,4.84023130046165,2.51495746522758
"Arf1.1",4.29636955795466,4.84023130046165,2.51495746522758
"Arf1.2",4.29636955795466,4.84023130046165,2.51495746522758
"Artn",0,0,0.00058898603139903
"Artn.1",0,0,0.00058898603139903
"Artn.2",0,0,0.00058898603139903
"a",0,0,0
"a.1",0,0,0
"a.2",0,0,0
"a.3",0,0,0
"a.4",0,0,0
"a.5",0,0,0
"a.6",0,0,0
"Avp",0,0,0
"Avp.1",0,0,0
"Avp.2",0,0,0
"Avp.3",0,0,0
"Azgp1",0,0,0.00106195308635743
"B2m",19.792817812312,5.78468990200459,0.807459424711389
"Bdnf",0.00525000644295226,0.0700427112400932,0.124785181761707
"Bdnf.1",0.00525000644295226,0.0700427112400932,0.124785181761707
"Bdnf.2",0.00525000644295226,0.0700427112400932,0.124785181761707
"Bgn",0.128379003180476,7.71771948062618,0.0128785062896172
"Bgn.1",0.128379003180476,7.71771948062618,0.0128785062896172
"Bmp10",0,0,0
"Bmp10.1",0,0,0
"Bmp10.2",0,0,0
"Bmp10.3",0,0,0
"Bmp10.4",0,0,0
"Bmp10.5",0,0,0
"Bmp15",0.0359024780074858,0,0.0127803282116972
"Bmp15.1",0.0359024780074858,0,0.0127803282116972
"Bmp15.2",0.0359024780074858,0,0.0127803282116972
"Bmp15.3",0.0359024780074858,0,0.0127803282116972
"Bmp2",0.0252387728308252,0,0.00187525628710734
"Bmp2.1",0.0252387728308252,0,0.00187525628710734
"Bmp2.2",0.0252387728308252,0,0.00187525628710734
"Bmp2.3",0.0252387728308252,0,0.00187525628710734
"Bmp2.4",0.0252387728308252,0,0.00187525628710734
"Bmp2.5",0.0252387728308252,0,0.00187525628710734
"Bmp2.6",0.0252387728308252,0,0.00187525628710734
"Bmp2.7",0.0252387728308252,0,0.00187525628710734
"Bmp3",0.0409943917101246,0.0173805124436405,0.0210950984684244
"Bmp4",0.0328036902347926,2.04824620249005,0.0234636525019983
"Bmp4.1",0.0328036902347926,2.04824620249005,0.0234636525019983
"Bmp4.2",0.0328036902347926,2.04824620249005,0.0234636525019983
"Bmp5",0,0.6217997252731,0.00269888529519724
"Bmp6",0,0,0.00563967371995553
"Bmp6.1",0,0,0.00563967371995553
"Bmp6.2",0,0,0.00563967371995553
"Bmp6.3",0,0,0.00563967371995553
"Bmp6.4",0,0,0.00563967371995553
"Bmp7",0,0.0198459826179791,0.623430211712856
"Bmp7.1",0,0.0198459826179791,0.623430211712856
"Bmp7.2",0,0.0198459826179791,0.623430211712856
"Bmp7.3",0,0.0198459826179791,0.623430211712856
"Bmp7.4",0,0.0198459826179791,0.623430211712856
"Bmp7.5",0,0.0198459826179791,0.623430211712856
"Bmp7.6",0,0.0198459826179791,0.623430211712856
"Bst1",0.123863122364787,0.0623298063247901,0.0590881845692904
"Btc",0.0580305573828854,0,0.0390761064466854
"Btc.1",0.0580305573828854,0,0.0390761064466854
"Btc.2",0.0580305573828854,0,0.0390761064466854
"Btc.3",0.0580305573828854,0,0.0390761064466854
"Btla",0,0,0
"Btla.1",0,0,0
"Btla.2",0,0,0
"C1qa",0.0182314190361867,0,0.0115152442304942
"C1qa.1",0.0182314190361867,0,0.0115152442304942
"C1qb",0.0117137001819974,0,0.0111996856377204
"C1qtnf1",0,0,0.00470168886432195
"C1qtnf5",0,0.270268027445366,0.410378442770859
"C3",0,0,0.00151256885151092
"C3.1",0,0,0.00151256885151092
"C3.2",0,0,0.00151256885151092
"C3.3",0,0,0.00151256885151092
"C3.4",0,0,0.00151256885151092
"C3.5",0,0,0.00151256885151092
"C3.6",0,0,0.00151256885151092
"C3.7",0,0,0.00151256885151092
"Hc",0,0,0.0137688378918059
"Hc.1",0,0,0.0137688378918059
"Calca",0,0,0
"Calca.1",0,0,0
"Calca.2",0,0,0
"Calr",3.85817657441224,6.72696563110606,3.86581714122802
"Calr.1",3.85817657441224,6.72696563110606,3.86581714122802
"Calr.2",3.85817657441224,6.72696563110606,3.86581714122802
"Calr.3",3.85817657441224,6.72696563110606,3.86581714122802
"Calr.4",3.85817657441224,6.72696563110606,3.86581714122802
"Calr.5",3.85817657441224,6.72696563110606,3.86581714122802
"Calr.6",3.85817657441224,6.72696563110606,3.86581714122802
"Camp",0,0,0
"Cck",0.246244928185092,0.0745279450959085,0.124421204297272
"Cck.1",0.246244928185092,0.0745279450959085,0.124421204297272
"Ccl11",0,0.0340853976902322,0
"Ccl11.1",0,0.0340853976902322,0
"Ccl11.2",0,0.0340853976902322,0
"Ccl11.3",0,0.0340853976902322,0
"Ccl11.4",0,0.0340853976902322,0
"Ccl11.5",0,0.0340853976902322,0
"Ccl2",0,0,0.00537419811696218
"Ccl2.1",0,0,0.00537419811696218
"Ccl2.2",0,0,0.00537419811696218
"Ccl2.3",0,0,0.00537419811696218
"Ccl2.4",0,0,0.00537419811696218
"Ccl2.5",0,0,0.00537419811696218
"Ccl2.6",0,0,0.00537419811696218
"Ccl17",0,0,0
"Ccl17.1",0,0,0
"Ccl1",0,0,0
"Ccl20",0,0,0
"Ccl20.1",0,0,0
"Ccl22",0,0,0
"Ccl24",0,0,0
"Ccl24.1",0,0,0
"Ccl25",0,0.0541683169046912,0.062706466012139
"Ccl25.1",0,0.0541683169046912,0.062706466012139
"Ccl25.2",0,0.0541683169046912,0.062706466012139
"Ccl25.3",0,0.0541683169046912,0.062706466012139
"Ccl28",0.0239619271496809,0.0353113332984383,0.0116652913349259
"Ccl28.1",0.0239619271496809,0.0353113332984383,0.0116652913349259
"Ccl28.2",0.0239619271496809,0.0353113332984383,0.0116652913349259
"Ccl12",0,0,0
"Ccl12.1",0,0,0
"Ccl12.2",0,0,0
"Ccl12.3",0,0,0
"Ccl12.4",0,0,0
"Ccl12.5",0,0,0
"Ccl12.6",0,0,0
"Ccl12.7",0,0,0
"Ccl3",0.0250303084885927,0.115173154267218,0
"Ccl3.1",0.0250303084885927,0.115173154267218,0
"Ccl4",0,0.0485351472894121,0.00958712658616945
"Ccl4.1",0,0.0485351472894121,0.00958712658616945
"Ccl4.2",0,0.0485351472894121,0.00958712658616945
"Ccl4.3",0,0.0485351472894121,0.00958712658616945
"Ccl4.4",0,0.0485351472894121,0.00958712658616945
"Ccl5",0,0,0.00115796463409493
"Ccl5.1",0,0,0.00115796463409493
"Ccl5.2",0,0,0.00115796463409493
"Ccl5.3",0,0,0.00115796463409493
"Ccl5.4",0,0,0.00115796463409493
"Ccl5.5",0,0,0.00115796463409493
"Ccl5.6",0,0,0.00115796463409493
"Ccl5.7",0,0,0.00115796463409493
"Ccl5.8",0,0,0.00115796463409493
"Ccl5.9",0,0,0.00115796463409493
"Cd14",0.0190868839008422,0,0.00059576268807168
"Cd14.1",0.0190868839008422,0,0.00059576268807168
"Cd34",10.3599449753258,0.356549440224076,0.0503825003545687
"Cd40lg",0,0,0
"Cd5l",0,0,0
"Cd70",0,0,0.00084953074257746
"Cdh1",0,0,0.00272886972461341
"Cdh1.1",0,0,0.00272886972461341
"Cdh1.2",0,0,0.00272886972461341
"Cdh1.3",0,0,0.00272886972461341
"Cdh1.4",0,0,0.00272886972461341
"Cdh1.5",0,0,0.00272886972461341
"Cel",0,0,0
"Cfh",0.650984357890525,1.00879480657752,0
"Cfh.1",0.650984357890525,1.00879480657752,0
"Cga",0,0,0
"Cga.1",0,0,0
"Cga.2",0,0,0
"Cgn",0.0313779426938585,0.0728479053032685,0.0501305171913872
"Chad",0,0,0.0019781050433132
"Chad.1",0,0,0.0019781050433132
"Clcf1",0,0.0214228342014116,0
"Clcf1.1",0,0.0214228342014116,0
"Clcf1.2",0,0.0214228342014116,0
"Clcf1.3",0,0.0214228342014116,0
"Cntf",0,0,0.00989635215585252
"Cntf.1",0,0,0.00989635215585252
"Cntf.2",0,0,0.00989635215585252
"Cntf.3",0,0,0.00989635215585252
"Cntn2",0.0175151231696027,0.0745776942804024,0.034151662428509
"Cntn2.1",0.0175151231696027,0.0745776942804024,0.034151662428509
"Cntn2.2",0.0175151231696027,0.0745776942804024,0.034151662428509
"Cntn4",0,0,0.00304745166712024
"Col11a1",0,0,0.022556027955793
"Col14a1",0.126196492717119,0,0.00530123265741325
"Col18a1",0,0.150287043786307,0.00768588944281895
"Col18a1.1",0,0.150287043786307,0.00768588944281895
"Col18a1.2",0,0.150287043786307,0.00768588944281895
"Col18a1.3",0,0.150287043786307,0.00768588944281895
"Col18a1.4",0,0.150287043786307,0.00768588944281895
"Col1a1",0.258525212659334,0.122678478230293,0.423445664384198
"Col1a1.1",0.258525212659334,0.122678478230293,0.423445664384198
"Col1a1.2",0.258525212659334,0.122678478230293,0.423445664384198
"Col1a1.3",0.258525212659334,0.122678478230293,0.423445664384198
"Col1a1.4",0.258525212659334,0.122678478230293,0.423445664384198
"Col1a1.5",0.258525212659334,0.122678478230293,0.423445664384198
"Col1a1.6",0.258525212659334,0.122678478230293,0.423445664384198
"Col1a1.7",0.258525212659334,0.122678478230293,0.423445664384198
"Col1a1.8",0.258525212659334,0.122678478230293,0.423445664384198
"Col1a1.9",0.258525212659334,0.122678478230293,0.423445664384198
"Col1a2",0.0333816086797912,5.05941467450547,0.251345504470475
"Col1a2.1",0.0333816086797912,5.05941467450547,0.251345504470475
"Col1a2.2",0.0333816086797912,5.05941467450547,0.251345504470475
"Col1a2.3",0.0333816086797912,5.05941467450547,0.251345504470475
"Col1a2.4",0.0333816086797912,5.05941467450547,0.251345504470475
"Col1a2.5",0.0333816086797912,5.05941467450547,0.251345504470475
"Col2a1",0,0,0
"Col2a1.1",0,0,0
"Col2a1.2",0,0,0
"Col2a1.3",0,0,0
"Col2a1.4",0,0,0
"Col2a1.5",0,0,0
"Col2a1.6",0,0,0
"Col3a1",0.00783016856824717,0.898274348845917,0.0031423040561195
"Col3a1.1",0.00783016856824717,0.898274348845917,0.0031423040561195
"Col3a1.2",0.00783016856824717,0.898274348845917,0.0031423040561195
"Col4a1",7.29819374229243,14.5054052689476,0.167404373397448
"Col4a1.1",7.29819374229243,14.5054052689476,0.167404373397448
"Col4a1.2",7.29819374229243,14.5054052689476,0.167404373397448
"Col4a1.3",7.29819374229243,14.5054052689476,0.167404373397448
"Col4a1.4",7.29819374229243,14.5054052689476,0.167404373397448
"Col4a2",5.62164663137397,8.52995021211765,0.151265098613753
"Col4a3",0.445335306792825,0.48081258076082,0.364963418596767
"Col4a3.1",0.445335306792825,0.48081258076082,0.364963418596767
"Col4a3.2",0.445335306792825,0.48081258076082,0.364963418596767
"Col4a4",0.0155426806467864,0.654322999770487,0.0247472322013448
"Col4a5",0,0.432220569135155,0.170151678119898
"Col4a6",0,0.147429128005001,0.00830916696748045
"Col5a1",0,0.0153112344562232,0.0201982552444264
"Col5a2",0.0186068610294419,0.871210164891639,0.06173639237435
"Col5a3",0,0.616077806327032,0.0477074081376489
"Col8a1",0.026167395629043,0.255641228442508,0.00717906535287572
"Col8a1.1",0.026167395629043,0.255641228442508,0.00717906535287572
"Col9a1",0.0130592516598306,0,0.00770421213467215
"Col9a2",0.018198507838515,0,0.00633945876951313
"Col9a3",0,0,0.232505091085362
"Cort",0,0,0
"Cort.1",0,0,0
"Cort.2",0,0,0
"Cort.3",0,0,0
"Cort.4",0,0,0
"Cort.5",0,0,0
"Cp",1.14442875190389,6.03836319967269,0.0246917516020835
"Crh",0,0,0
"Crh.1",0,0,0
"Crh.2",0,0,0
"Crp",0,0.0157323570182323,0.0127719076505423
"Csf1",0.614540296480845,0.0762950733180768,0.497158188435313
"Csf2",0,0,0
"Csf2.1",0,0,0
"Csf2.2",0,0,0
"Csf2.3",0,0,0
"Csf2.4",0,0,0
"Csf3",0,0,0
"Csf3.1",0,0,0
"Gh",0,0,0
"Ctf1",0.0184781390066376,0.0224410895848795,0.0465696737244681
"Ctf1.1",0.0184781390066376,0.0224410895848795,0.0465696737244681
"Ctgf",0.940234879984048,0.191454590323615,0.00087860267667704
"Ctgf.1",0.940234879984048,0.191454590323615,0.00087860267667704
"Ctgf.2",0.940234879984048,0.191454590323615,0.00087860267667704
"Ctgf.3",0.940234879984048,0.191454590323615,0.00087860267667704
"Ctgf.4",0.940234879984048,0.191454590323615,0.00087860267667704
"Ctgf.5",0.940234879984048,0.191454590323615,0.00087860267667704
"Ctgf.6",0.940234879984048,0.191454590323615,0.00087860267667704
"Cthrc1",0.301194937517011,1.52877440795618,0.0813315482664184
"Cthrc1.1",0.301194937517011,1.52877440795618,0.0813315482664184
"Cthrc1.2",0.301194937517011,1.52877440795618,0.0813315482664184
"Cubn",0.0330984928556224,0,0.0267905522171609
"Cx3cl1",1.28797018527245,0.211561716443236,0.204638646436144
"Cxcl10",0,0,0.00965306922035172
"Cxcl10.1",0,0,0.00965306922035172
"Cxcl10.2",0,0,0.00965306922035172
"Cxcl12",36.7917052788535,3.95302499047972,0.0277127065796965
"Cxcl12.1",36.7917052788535,3.95302499047972,0.0277127065796965
"Cxcl12.2",36.7917052788535,3.95302499047972,0.0277127065796965
"Cxcl12.3",36.7917052788535,3.95302499047972,0.0277127065796965
"Cxcl12.4",36.7917052788535,3.95302499047972,0.0277127065796965
"Cxcl13",0,0,0
"Cxcl13.1",0,0,0
"Cxcl13.2",0,0,0
"Cxcl13.3",0,0,0
"Cxcl16",0,0,0.0107455272057319
"Cxcl1",0.0224773412026998,0.0130238035523327,0.00184680856577319
"Cxcl1.1",0.0224773412026998,0.0130238035523327,0.00184680856577319
"Cxcl1.2",0.0224773412026998,0.0130238035523327,0.00184680856577319
"Cxcl2",0,0,0
"Cxcl2.1",0,0,0
"Cxcl5",0.0484292119482452,0,0.0134093870432274
"Cxcl5.1",0.0484292119482452,0,0.0134093870432274
"Cyr61",1.22011369885112,0.248778570617326,1.05418152666187
"Cyr61.1",1.22011369885112,0.248778570617326,1.05418152666187
"Cyr61.2",1.22011369885112,0.248778570617326,1.05418152666187
"Cyr61.3",1.22011369885112,0.248778570617326,1.05418152666187
"Cyr61.4",1.22011369885112,0.248778570617326,1.05418152666187
"Cyr61.5",1.22011369885112,0.248778570617326,1.05418152666187
"Dcn",0,0.481065162179498,0
"Dcn.1",0,0.481065162179498,0
"Dcn.2",0,0.481065162179498,0
"Dhh",0.00993599306732353,0,0
"Dhh.1",0.00993599306732353,0,0
"Dhh.2",0.00993599306732353,0,0
"Dhh.3",0.00993599306732353,0,0
"Dhh.4",0.00993599306732353,0,0
"Dkk1",0,0,0.00066648556145954
"Dkk1.1",0,0,0.00066648556145954
"Dkk1.2",0,0,0.00066648556145954
"Dkk1.3",0,0,0.00066648556145954
"Dkk2",0.0266216405230069,0.725952104674737,0.0328839019526644
"Dkk2.1",0.0266216405230069,0.725952104674737,0.0328839019526644
"Dlk1",0,0,0.0370385698257973
"Dlk2",0.0259465131944789,0,0.012257214559236
"Dll1",0.0424061492812018,0.013105225406671,0.00151340644005913
"Dll1.1",0.0424061492812018,0.013105225406671,0.00151340644005913
"Dll1.2",0.0424061492812018,0.013105225406671,0.00151340644005913
"Dll4",0.878559543230689,0,0.00217994561057343
"Dll4.1",0.878559543230689,0,0.00217994561057343
"Dll4.2",0.878559543230689,0,0.00217994561057343
"Dll4.3",0.878559543230689,0,0.00217994561057343
"Ebi3",0,0,0
"Edil3",0.0818779112287821,0.0916194058242355,0.0636058887873357
"Edn1",2.74632431391345,0.0161761274378151,0.016071579526672
"Edn1.1",2.74632431391345,0.0161761274378151,0.016071579526672
"Edn1.2",2.74632431391345,0.0161761274378151,0.016071579526672
"Edn2",0,0,0
"Edn2.1",0,0,0
"Edn2.2",0,0,0
"Edn3",1.35039791694762,0,0
"Edn3.1",1.35039791694762,0,0
"Edn3.2",1.35039791694762,0,0
"Efemp1",0,0,0.42373295736015
"Efemp2",0.0753139839822221,0.401763748645062,0.0600147594638962
"Efemp2.1",0.0753139839822221,0.401763748645062,0.0600147594638962
"Efemp2.2",0.0753139839822221,0.401763748645062,0.0600147594638962
"Efemp2.3",0.0753139839822221,0.401763748645062,0.0600147594638962
"Efna1",1.50319671977891,0.029646666316594,0.00211017373523294
"Efna1.1",1.50319671977891,0.029646666316594,0.00211017373523294
"Efna1.2",1.50319671977891,0.029646666316594,0.00211017373523294
"Efna1.3",1.50319671977891,0.029646666316594,0.00211017373523294
"Efna1.4",1.50319671977891,0.029646666316594,0.00211017373523294
"Efna1.5",1.50319671977891,0.029646666316594,0.00211017373523294
"Efna1.6",1.50319671977891,0.029646666316594,0.00211017373523294
"Efna1.7",1.50319671977891,0.029646666316594,0.00211017373523294
"Efna1.8",1.50319671977891,0.029646666316594,0.00211017373523294
"Efna2",0,0.0584012908629229,0.446438083551913
"Efna2.1",0,0.0584012908629229,0.446438083551913
"Efna2.2",0,0.0584012908629229,0.446438083551913
"Efna2.3",0,0.0584012908629229,0.446438083551913
"Efna2.4",0,0.0584012908629229,0.446438083551913
"Efna2.5",0,0.0584012908629229,0.446438083551913
"Efna2.6",0,0.0584012908629229,0.446438083551913
"Efna3",0.00876040631753883,0,0.00429235839986148
"Efna3.1",0.00876040631753883,0,0.00429235839986148
"Efna3.2",0.00876040631753883,0,0.00429235839986148
"Efna3.3",0.00876040631753883,0,0.00429235839986148
"Efna3.4",0.00876040631753883,0,0.00429235839986148
"Efna3.5",0.00876040631753883,0,0.00429235839986148
"Efna3.6",0.00876040631753883,0,0.00429235839986148
"Efna3.7",0.00876040631753883,0,0.00429235839986148
"Efna3.8",0.00876040631753883,0,0.00429235839986148
"Efna4",0.0235667878832951,0,0.00322537603599662
"Efna4.1",0.0235667878832951,0,0.00322537603599662
"Efna4.2",0.0235667878832951,0,0.00322537603599662
"Efna4.3",0.0235667878832951,0,0.00322537603599662
"Efna4.4",0.0235667878832951,0,0.00322537603599662
"Efna4.5",0.0235667878832951,0,0.00322537603599662
"Efna4.6",0.0235667878832951,0,0.00322537603599662
"Efna5",0.0788964092787301,0.0902869914986017,0.152797136179027
"Efna5.1",0.0788964092787301,0.0902869914986017,0.152797136179027
"Efna5.2",0.0788964092787301,0.0902869914986017,0.152797136179027
"Efna5.3",0.0788964092787301,0.0902869914986017,0.152797136179027
"Efna5.4",0.0788964092787301,0.0902869914986017,0.152797136179027
"Efna5.5",0.0788964092787301,0.0902869914986017,0.152797136179027
"Efna5.6",0.0788964092787301,0.0902869914986017,0.152797136179027
"Efna5.7",0.0788964092787301,0.0902869914986017,0.152797136179027
"Efna5.8",0.0788964092787301,0.0902869914986017,0.152797136179027
"Efna5.9",0.0788964092787301,0.0902869914986017,0.152797136179027
"Efnb1",0.484755479387342,0.349651793336575,0.241224990802927
"Efnb1.1",0.484755479387342,0.349651793336575,0.241224990802927
"Efnb1.2",0.484755479387342,0.349651793336575,0.241224990802927
"Efnb1.3",0.484755479387342,0.349651793336575,0.241224990802927
"Efnb1.4",0.484755479387342,0.349651793336575,0.241224990802927
"Efnb1.5",0.484755479387342,0.349651793336575,0.241224990802927
"Efnb2",0.321799230928373,0.0315518692913342,0.0470918506103961
"Efnb2.1",0.321799230928373,0.0315518692913342,0.0470918506103961
"Efnb2.2",0.321799230928373,0.0315518692913342,0.0470918506103961
"Efnb2.3",0.321799230928373,0.0315518692913342,0.0470918506103961
"Efnb2.4",0.321799230928373,0.0315518692913342,0.0470918506103961
"Efnb2.5",0.321799230928373,0.0315518692913342,0.0470918506103961
"Efnb2.6",0.321799230928373,0.0315518692913342,0.0470918506103961
"Efnb2.7",0.321799230928373,0.0315518692913342,0.0470918506103961
"Efnb2.8",0.321799230928373,0.0315518692913342,0.0470918506103961
"Efnb2.9",0.321799230928373,0.0315518692913342,0.0470918506103961
"Efnb2.10",0.321799230928373,0.0315518692913342,0.0470918506103961
"Efnb2.11",0.321799230928373,0.0315518692913342,0.0470918506103961
"Efnb3",0.0334508445396888,0,0.0215837342490656
"Efnb3.1",0.0334508445396888,0,0.0215837342490656
"Efnb3.2",0.0334508445396888,0,0.0215837342490656
"Efnb3.3",0.0334508445396888,0,0.0215837342490656
"Efnb3.4",0.0334508445396888,0,0.0215837342490656
"Egf",0.0358682374386098,0.0343707113492226,0.117909659369998
"Egf.1",0.0358682374386098,0.0343707113492226,0.117909659369998
"Egf.2",0.0358682374386098,0.0343707113492226,0.117909659369998
"Egf.3",0.0358682374386098,0.0343707113492226,0.117909659369998
"Epgn",0,0,0
"Epo",0,0,0
"Ereg",0,0,0.0013447865054958
"Ereg.1",0,0,0.0013447865054958
"F10",0.0217466878002503,0.0318986521074594,0.0942758428722904
"F11",0,0,0
"F12",0,0,0
"F12.1",0,0,0
"F13a1",0.241820237062983,0.187262625914538,0.176953697204341
"F13a1.1",0.241820237062983,0.187262625914538,0.176953697204341
"F13a1.2",0.241820237062983,0.187262625914538,0.176953697204341
"F2",0,0,0.0115972814374885
"F2.1",0,0,0.0115972814374885
"F2.2",0,0,0.0115972814374885
"F2.3",0,0,0.0115972814374885
"F2.4",0,0,0.0115972814374885
"F2.5",0,0,0.0115972814374885
"F2.6",0,0,0.0115972814374885
"F2.7",0,0,0.0115972814374885
"F7",0,0,0
"F8",0,0,0.00413805245275568
"F8.1",0,0,0.00413805245275568
"F8.2",0,0,0.00413805245275568
"F9",0,0,0.00286551381462386
"Fasl",0,0,0
"Fat4",0.411671206600656,0.0141811623356276,0.107811765973548
"Fbln1",0,0.183554703605308,0.208325090400837
"Fbln2",0.0630582454182494,0,0.0354194509208463
"Fbn1",0,0,0.00866801356234066
"Fbn1.1",0,0,0.00866801356234066
"Fbn1.2",0,0,0.00866801356234066
"Fbn1.3",0,0,0.00866801356234066
"Fga",0,0,0
"Fga.1",0,0,0
"Fga.2",0,0,0
"Fga.3",0,0,0
"Fga.4",0,0,0
"Fga.5",0,0,0
"Fga.6",0,0,0
"Fga.7",0,0,0
"Fga.8",0,0,0
"Fgb",0,0,0
"Fgb.1",0,0,0
"Fgb.2",0,0,0
"Fgb.3",0,0,0
"Fgb.4",0,0,0
"Fgb.5",0,0,0
"Fgf10",0.047787954676144,0.0577494300876901,0.0352659878093945
"Fgf13",0.0306037816446936,0.0152915527592371,0.177094322321835
"Fgf13.1",0.0306037816446936,0.0152915527592371,0.177094322321835
"Fgf16",0,0,0
"Fgf16.1",0,0,0
"Fgf16.2",0,0,0
"Fgf17",0,0,0
"Fgf17.1",0,0,0
"Fgf17.2",0,0,0
"Fgf17.3",0,0,0
"Fgf18",0,0,0.00160743148314334
"Fgf18.1",0,0,0.00160743148314334
"Fgf18.2",0,0,0.00160743148314334
"Fgf18.3",0,0,0.00160743148314334
"Fgf15",0.0411588165836053,0,0.0250580398010381
"Fgf15.1",0.0411588165836053,0,0.0250580398010381
"Fgf15.2",0.0411588165836053,0,0.0250580398010381
"Fgf15.3",0.0411588165836053,0,0.0250580398010381
"Fgf15.4",0.0411588165836053,0,0.0250580398010381
"Fgf1",0,0.179040662278165,1.03792641348299
"Fgf1.1",0,0.179040662278165,1.03792641348299
"Fgf1.2",0,0.179040662278165,1.03792641348299
"Fgf1.3",0,0.179040662278165,1.03792641348299
"Fgf1.4",0,0.179040662278165,1.03792641348299
"Fgf20",0,0,0
"Fgf21",0,0,0
"Fgf22",0.0194625712423489,0,0.0160813332857509
"Fgf23",0,0,0.00164344049253218
"Fgf23.1",0,0,0.00164344049253218
"Fgf23.2",0,0,0.00164344049253218
"Fgf23.3",0,0,0.00164344049253218
"Fgf23.4",0,0,0.00164344049253218
"Fgf2",0,0.0681468655866305,0.122322883182992
"Fgf2.1",0,0.0681468655866305,0.122322883182992
"Fgf2.2",0,0.0681468655866305,0.122322883182992
"Fgf2.3",0,0.0681468655866305,0.122322883182992
"Fgf2.4",0,0.0681468655866305,0.122322883182992
"Fgf2.5",0,0.0681468655866305,0.122322883182992
"Fgf2.6",0,0.0681468655866305,0.122322883182992
"Fgf2.7",0,0.0681468655866305,0.122322883182992
"Fgf2.8",0,0.0681468655866305,0.122322883182992
"Fgf2.9",0,0.0681468655866305,0.122322883182992
"Fgf2.10",0,0.0681468655866305,0.122322883182992
"Fgf2.11",0,0.0681468655866305,0.122322883182992
"Fgf3",0,0,0
"Fgf3.1",0,0,0
"Fgf3.2",0,0,0
"Fgf3.3",0,0,0
"Fgf4",0,0,0
"Fgf4.1",0,0,0
"Fgf4.2",0,0,0
"Fgf4.3",0,0,0
"Fgf4.4",0,0,0
"Fgf5",0,0,0.00216489108450477
"Fgf5.1",0,0,0.00216489108450477
"Fgf5.2",0,0,0.00216489108450477
"Fgf5.3",0,0,0.00216489108450477
"Fgf6",0,0.00939531127546914,0.00585046905573629
"Fgf6.1",0,0.00939531127546914,0.00585046905573629
"Fgf6.2",0,0.00939531127546914,0.00585046905573629
"Fgf6.3",0,0.00939531127546914,0.00585046905573629
"Fgf7",0,0,0.00957558580972127
"Fgf7.1",0,0,0.00957558580972127
"Fgf7.2",0,0,0.00957558580972127
"Fgf7.3",0,0,0.00957558580972127
"Fgf7.4",0,0,0.00957558580972127
"Fgf8",0,0,0.0021460686775221
"Fgf8.1",0,0,0.0021460686775221
"Fgf8.2",0,0,0.0021460686775221
"Fgf8.3",0,0,0.0021460686775221
"Fgf9",0.125962161627283,0.0150426931682562,0.164631610227668
"Fgf9.1",0.125962161627283,0.0150426931682562,0.164631610227668
"Fgf9.2",0.125962161627283,0.0150426931682562,0.164631610227668
"Fgf9.3",0.125962161627283,0.0150426931682562,0.164631610227668
"Fgg",0,0,0
"Fgg.1",0,0,0
"Fgg.2",0,0,0
"Fgg.3",0,0,0
"Fgg.4",0,0,0
"Fgl1",0.0136858913376516,0.0134964186642442,0.0125425891895971
"Flt3l",0.203577422747508,0.104930477040327,0.0429371990028924
"Fn1",20.6016113142678,0.414519064424601,0.0818314693747882
"Fn1.1",20.6016113142678,0.414519064424601,0.0818314693747882
"Fn1.2",20.6016113142678,0.414519064424601,0.0818314693747882
"Fn1.3",20.6016113142678,0.414519064424601,0.0818314693747882
"Fn1.4",20.6016113142678,0.414519064424601,0.0818314693747882
"Fn1.5",20.6016113142678,0.414519064424601,0.0818314693747882
"Fn1.6",20.6016113142678,0.414519064424601,0.0818314693747882
"Fn1.7",20.6016113142678,0.414519064424601,0.0818314693747882
"Fn1.8",20.6016113142678,0.414519064424601,0.0818314693747882
"Fn1.9",20.6016113142678,0.414519064424601,0.0818314693747882
"Fn1.10",20.6016113142678,0.414519064424601,0.0818314693747882
"Fn1.11",20.6016113142678,0.414519064424601,0.0818314693747882
"Fn1.12",20.6016113142678,0.414519064424601,0.0818314693747882
"Fn1.13",20.6016113142678,0.414519064424601,0.0818314693747882
"Fn1.14",20.6016113142678,0.414519064424601,0.0818314693747882
"Fn1.15",20.6016113142678,0.414519064424601,0.0818314693747882
"Fn1.16",20.6016113142678,0.414519064424601,0.0818314693747882
"Fn1.17",20.6016113142678,0.414519064424601,0.0818314693747882
"Fn1.18",20.6016113142678,0.414519064424601,0.0818314693747882
"Fn1.19",20.6016113142678,0.414519064424601,0.0818314693747882
"Fn1.20",20.6016113142678,0.414519064424601,0.0818314693747882
"Fn1.21",20.6016113142678,0.414519064424601,0.0818314693747882
"Fshb",0,0,0
"Galp",0,0,0
"Galp.1",0,0,0
"Galp.2",0,0,0
"Gal",0,0.0161970567842494,0
"Gal.1",0,0.0161970567842494,0
"Gal.2",0,0.0161970567842494,0
"Gal.3",0,0.0161970567842494,0
"Gas6",1.46192631469701,0.114709696088197,0.713270225996892
"Gas6.1",1.46192631469701,0.114709696088197,0.713270225996892
"Gas6.2",1.46192631469701,0.114709696088197,0.713270225996892
"Gast",0,0,0
"Gdf11",0.0782005289695294,0.158929548890928,0.511236272418146
"Gdf11.1",0.0782005289695294,0.158929548890928,0.511236272418146
"Gdf11.2",0.0782005289695294,0.158929548890928,0.511236272418146
"Gdf2",0,0,0
"Gdf2.1",0,0,0
"Gdf2.2",0,0,0
"Gdf2.3",0,0,0
"Gdf2.4",0,0,0
"Gdf2.5",0,0,0
"Gdf5",0,0,0
"Gdf5.1",0,0,0
"Gdf5.2",0,0,0
"Gdf5.3",0,0,0
"Gdf5.4",0,0,0
"Gdf5.5",0,0,0
"Gdf5.6",0,0,0
"Gdf6",0,0,0
"Gdf6.1",0,0,0
"Gdf6.2",0,0,0
"Gdf7",0,0,0
"Gdf7.1",0,0,0
"Gdf7.2",0,0,0
"Gdf9",0,0.0551896957351095,0.0361384837022388
"Gdf9.1",0,0.0551896957351095,0.0361384837022388
"Gdf9.2",0,0.0551896957351095,0.0361384837022388
"Gdf9.3",0,0.0551896957351095,0.0361384837022388
"Gdf9.4",0,0.0551896957351095,0.0361384837022388
"Gdf9.5",0,0.0551896957351095,0.0361384837022388
"Gdf9.6",0,0.0551896957351095,0.0361384837022388
"Gdnf",0,0.0740892181560093,0
"Gdnf.1",0,0.0740892181560093,0
"Gdnf.2",0,0.0740892181560093,0
"Ghrh",0,0,0
"Ghrh.1",0,0,0
"Ghrl",0.0412376099002769,0,0.00094158296375199
"Ghrl.1",0.0412376099002769,0,0.00094158296375199
"Ghrl.2",0.0412376099002769,0,0.00094158296375199
"Gip",0,0,0
"Gip.1",0,0,0
"Gnai2",11.7144329421697,5.87460423469743,3.33401816587807
"Gnai2.1",11.7144329421697,5.87460423469743,3.33401816587807
"Gnai2.2",11.7144329421697,5.87460423469743,3.33401816587807
"Gnai2.3",11.7144329421697,5.87460423469743,3.33401816587807
"Gnai2.4",11.7144329421697,5.87460423469743,3.33401816587807
"Gnai2.5",11.7144329421697,5.87460423469743,3.33401816587807
"Gnai2.6",11.7144329421697,5.87460423469743,3.33401816587807
"Gnai2.7",11.7144329421697,5.87460423469743,3.33401816587807
"Gnai2.8",11.7144329421697,5.87460423469743,3.33401816587807
"Gnai2.9",11.7144329421697,5.87460423469743,3.33401816587807
"Gnai2.10",11.7144329421697,5.87460423469743,3.33401816587807
"Gnai2.11",11.7144329421697,5.87460423469743,3.33401816587807
"Gnai2.12",11.7144329421697,5.87460423469743,3.33401816587807
"Gnai2.13",11.7144329421697,5.87460423469743,3.33401816587807
"Gnai2.14",11.7144329421697,5.87460423469743,3.33401816587807
"Gnai2.15",11.7144329421697,5.87460423469743,3.33401816587807
"Gnai2.16",11.7144329421697,5.87460423469743,3.33401816587807
"Gnai2.17",11.7144329421697,5.87460423469743,3.33401816587807
"Gnai2.18",11.7144329421697,5.87460423469743,3.33401816587807
"Gnai2.19",11.7144329421697,5.87460423469743,3.33401816587807
"Gnai2.20",11.7144329421697,5.87460423469743,3.33401816587807
"Gnai2.21",11.7144329421697,5.87460423469743,3.33401816587807
"Gnai2.22",11.7144329421697,5.87460423469743,3.33401816587807
"Gnai2.23",11.7144329421697,5.87460423469743,3.33401816587807
"Gnai2.24",11.7144329421697,5.87460423469743,3.33401816587807
"Gnai2.25",11.7144329421697,5.87460423469743,3.33401816587807
"Gnai2.26",11.7144329421697,5.87460423469743,3.33401816587807
"Gnai2.27",11.7144329421697,5.87460423469743,3.33401816587807
"Gnas",19.686739197954,12.7553953869463,5.78690388470919
"Gnas.1",19.686739197954,12.7553953869463,5.78690388470919
"Gnas.2",19.686739197954,12.7553953869463,5.78690388470919
"Gnas.3",19.686739197954,12.7553953869463,5.78690388470919
"Gnas.4",19.686739197954,12.7553953869463,5.78690388470919
"Gnas.5",19.686739197954,12.7553953869463,5.78690388470919
"Gnas.6",19.686739197954,12.7553953869463,5.78690388470919
"Gnas.7",19.686739197954,12.7553953869463,5.78690388470919
"Gnas.8",19.686739197954,12.7553953869463,5.78690388470919
"Gnas.9",19.686739197954,12.7553953869463,5.78690388470919
"Gnas.10",19.686739197954,12.7553953869463,5.78690388470919
"Gnb3",0.0127368117120808,0,0.00355578942425085
"Gnrh1",0,0,0.00253395465303488
"Gpc3",0.0116992848724307,2.76663832546782,0.00704989161814697
"Gpc3.1",0.0116992848724307,2.76663832546782,0.00704989161814697
"Gpha2",0,0,0.00102148031590825
"Gpi1",1.0546733243971,0.748428355788114,1.88426424373257
"Grp",0,0,0.00154952538711447
"Grp.1",0,0,0.00154952538711447
"Grp.2",0,0,0.00154952538711447
"Guca2a",0,0,0
"Guca2b",0,0,0
"Guca2b.1",0,0,0
"Has2",0,0,0.00335629824316392
"Has2.1",0,0,0.00335629824316392
"Hbegf",1.05117596934484,0.094070577700399,0.845955828155405
"Hbegf.1",1.05117596934484,0.094070577700399,0.845955828155405
"Hbegf.2",1.05117596934484,0.094070577700399,0.845955828155405
"Hbegf.3",1.05117596934484,0.094070577700399,0.845955828155405
"Hbegf.4",1.05117596934484,0.094070577700399,0.845955828155405
"Hbegf.5",1.05117596934484,0.094070577700399,0.845955828155405
"Hcrt",0,0,0
"Hcrt.1",0,0,0
"Hcrt.2",0,0,0
"Hgf",0,0,0.168529925414568
"Hgf.1",0,0,0.168529925414568
"Hgf.2",0,0,0.168529925414568
"Hgf.3",0,0,0.168529925414568
"Hgf.4",0,0,0.168529925414568
"H2.M3",0.321111663540978,0.0423565286743533,0.0162958880404001
"H2.M3.1",0.321111663540978,0.0423565286743533,0.0162958880404001
"Hp",0,0,0
"Hp.1",0,0,0
"Hras",0.454561714361038,0.371287000225096,0.229276850438227
"Hras.1",0.454561714361038,0.371287000225096,0.229276850438227
"Hras.2",0.454561714361038,0.371287000225096,0.229276850438227
"Hras.3",0.454561714361038,0.371287000225096,0.229276850438227
"Hras.4",0.454561714361038,0.371287000225096,0.229276850438227
"Hras.5",0.454561714361038,0.371287000225096,0.229276850438227
"Hsp90aa1",2.19272914676499,3.67594426837018,1.64365002049485
"Hsp90aa1.1",2.19272914676499,3.67594426837018,1.64365002049485
"Hsp90aa1.2",2.19272914676499,3.67594426837018,1.64365002049485
"Hspg2",0.962466375985922,0.558473765907871,0.0108532247727383
"Hspg2.1",0.962466375985922,0.558473765907871,0.0108532247727383
"Hspg2.2",0.962466375985922,0.558473765907871,0.0108532247727383
"Hspg2.3",0.962466375985922,0.558473765907871,0.0108532247727383
"Iapp",0,0,0
"Iapp.1",0,0,0
"Iapp.2",0,0,0
"Icam1",0.290548711473605,0.0544672710273404,0.0610369809762743
"Icam1.1",0.290548711473605,0.0544672710273404,0.0610369809762743
"Icam1.2",0.290548711473605,0.0544672710273404,0.0610369809762743
"Icam1.3",0.290548711473605,0.0544672710273404,0.0610369809762743
"Icam1.4",0.290548711473605,0.0544672710273404,0.0610369809762743
"Icam1.5",0.290548711473605,0.0544672710273404,0.0610369809762743
"Icam1.6",0.290548711473605,0.0544672710273404,0.0610369809762743
"Icam2",1.68497735001636,0,0
"Icam2.1",1.68497735001636,0,0
"Icam2.2",1.68497735001636,0,0
"Icam4",0,0,0
"Icam4.1",0,0,0
"Icam4.2",0,0,0
"Icam4.3",0,0,0
"Icam4.4",0,0,0
"Icam4.5",0,0,0
"Icam4.6",0,0,0
"Icam4.7",0,0,0
"Icam4.8",0,0,0
"Icam5",0,0,0.0133957604934132
"Icam5.1",0,0,0.0133957604934132
"Ifnb1",0,0,0
"Ifnb1.1",0,0,0
"Ifng",0,0,0
"Ifng.1",0,0,0
"Igf1",0.0223185311442568,0,0.00637115436393295
"Igf2",0.177698677374195,7.1465592809977,0.00292743190447678
"Igf2.1",0.177698677374195,7.1465592809977,0.00292743190447678
"Igf2.2",0.177698677374195,7.1465592809977,0.00292743190447678
"Igfbp4",0.0520645955861352,0.269279318997991,0.1155494921683
"Igfbp4.1",0.0520645955861352,0.269279318997991,0.1155494921683
"Igfl3",0,0,0
"Ihh",0,0,0
"Ihh.1",0,0,0
"Ihh.2",0,0,0
"Ihh.3",0,0,0
"Ihh.4",0,0,0
"Il10",0,0,0
"Il10.1",0,0,0
"Il11",0.0226418791595127,0.0679670698421818,0.10065783789353
"Il12a",0,0,0.00098769745070536
"Il12a.1",0,0,0.00098769745070536
"Il12a.2",0,0,0.00098769745070536
"Il12b",0,0,0.0021794758939526
"Il12b.1",0,0,0.0021794758939526
"Il12b.2",0,0,0.0021794758939526
"Il13",0,0,0
"Il13.1",0,0,0
"Il13.2",0,0,0
"Il13.3",0,0,0
"Il15",0.1983485563518,0.0401744997349756,0.191124018446697
"Il15.1",0.1983485563518,0.0401744997349756,0.191124018446697
"Il15.2",0.1983485563518,0.0401744997349756,0.191124018446697
"Il15.3",0.1983485563518,0.0401744997349756,0.191124018446697
"Il16",0,0.0167364693072971,0.0455848273914644
"Il16.1",0,0.0167364693072971,0.0455848273914644
"Il16.2",0,0.0167364693072971,0.0455848273914644
"Il16.3",0,0.0167364693072971,0.0455848273914644
"Il16.4",0,0.0167364693072971,0.0455848273914644
"Il16.5",0,0.0167364693072971,0.0455848273914644
"Il16.6",0,0.0167364693072971,0.0455848273914644
"Il16.7",0,0.0167364693072971,0.0455848273914644
"Il16.8",0,0.0167364693072971,0.0455848273914644
"Il17a",0,0,0
"Il17a.1",0,0,0
"Il17b",0,0,0
"Il17f",0.0235023594840168,0,0.0361758076295439
"Il18",0.0322126896933381,0,2.43961969705125
"Il18.1",0.0322126896933381,0,2.43961969705125
"Il18.2",0.0322126896933381,0,2.43961969705125
"Il18.3",0.0322126896933381,0,2.43961969705125
"Il19",0,0,0
"Il19.1",0,0,0
"Il1a",0,0,0
"Il1a.1",0,0,0
"Il1a.2",0,0,0
"Il1b",0,0,0.00057688676716648
"Il1b.1",0,0,0.00057688676716648
"Il1b.2",0,0,0.00057688676716648
"Il1b.3",0,0,0.00057688676716648
"Il1f10",0,0,0
"Il1rn",0,0,0
"Il1rn.1",0,0,0
"Il20",0,0,0
"Il20.1",0,0,0
"Il20.2",0,0,0
"Il21",0,0,0.00256706781540879
"Il21.1",0,0,0.00256706781540879
"Il23a",0.262305184163592,0.27486239831235,0.347642281677569
"Il23a.1",0.262305184163592,0.27486239831235,0.347642281677569
"Il24",0,0,0
"Il24.1",0,0,0
"Il24.2",0,0,0
"Il25",0,0,0
"Il27",0,0,0.00407535466643257
"Il2",0.0926798423816733,0.109575939718363,0.0567962363516559
"Il2.1",0.0926798423816733,0.109575939718363,0.0567962363516559
"Il2.2",0.0926798423816733,0.109575939718363,0.0567962363516559
"Il2.3",0.0926798423816733,0.109575939718363,0.0567962363516559
"Il2.4",0.0926798423816733,0.109575939718363,0.0567962363516559
"Il34",0,2.03067328136854,0.00085016936542893
"Il4",0,0.0190508964972725,0.00713483421631042
"Il4.1",0,0.0190508964972725,0.00713483421631042
"Il4.2",0,0.0190508964972725,0.00713483421631042
"Il4.3",0,0.0190508964972725,0.00713483421631042
"Il4.4",0,0.0190508964972725,0.00713483421631042
"Il5",0,0,0
"Il6",0,0,0
"Il6.1",0,0,0
"Il7",0.00976132210962946,0,0.00165382083703618
"Il7.1",0.00976132210962946,0,0.00165382083703618
"Il9",0,0,0
"Il9.1",0,0,0
"Inha",0,0.0155745881714806,0.0179892221062135
"Inha.1",0,0.0155745881714806,0.0179892221062135
"Inhba",0.00918386467966441,0.0376522465753138,0.0892635373554218
"Inhba.1",0.00918386467966441,0.0376522465753138,0.0892635373554218
"Inhba.2",0.00918386467966441,0.0376522465753138,0.0892635373554218
"Inhba.3",0.00918386467966441,0.0376522465753138,0.0892635373554218
"Inhba.4",0.00918386467966441,0.0376522465753138,0.0892635373554218
"Inhba.5",0.00918386467966441,0.0376522465753138,0.0892635373554218
"Inhba.6",0.00918386467966441,0.0376522465753138,0.0892635373554218
"Inhbb",0,0,0.273476579270207
"Inhbb.1",0,0,0.273476579270207
"Inhbb.2",0,0,0.273476579270207
"Inhbb.3",0,0,0.273476579270207
"Inhbb.4",0,0,0.273476579270207
"Inhbc",0,0,0
"Inhbc.1",0,0,0
"Inhbc.2",0,0,0
"Inhbc.3",0,0,0
"Insl3",0.50651201239633,0,0
"Insl5",0,0,0
"Insl5.1",0,0,0
"Ins2",0,0,0
"Ins2.1",0,0,0
"Ins2.2",0,0,0
"Itgb3bp",0.127813473427713,0.195285229367815,0.0592065916684957
"Itgb3bp.1",0.127813473427713,0.195285229367815,0.0592065916684957
"Itih2",0,0,0.00393501707640113
"Jag1",0.465873878269033,1.51396045459291,0.659851162281811
"Jag1.1",0.465873878269033,1.51396045459291,0.659851162281811
"Jag1.2",0.465873878269033,1.51396045459291,0.659851162281811
"Jag1.3",0.465873878269033,1.51396045459291,0.659851162281811
"Jag2",1.75915471944241,0,0.00499816932928564
"Jag2.1",1.75915471944241,0,0.00499816932928564
"Jag2.2",1.75915471944241,0,0.00499816932928564
"Kiss1",0,0,0
"Kiss1.1",0,0,0
"Kitl",6.49591841322434,0.502520028552678,0.108321421118934
"Kitl.1",6.49591841322434,0.502520028552678,0.108321421118934
"L1cam",0.0393109123319584,0.0458855870339159,0.0795080760846132
"L1cam.1",0.0393109123319584,0.0458855870339159,0.0795080760846132
"L1cam.2",0.0393109123319584,0.0458855870339159,0.0795080760846132
"L1cam.3",0.0393109123319584,0.0458855870339159,0.0795080760846132
"L1cam.4",0.0393109123319584,0.0458855870339159,0.0795080760846132
"L1cam.5",0.0393109123319584,0.0458855870339159,0.0795080760846132
"Lama1",0,0,0
"Lama1.1",0,0,0
"Lama1.2",0,0,0
"Lama1.3",0,0,0
"Lama1.4",0,0,0
"Lama1.5",0,0,0
"Lama1.6",0,0,0
"Lama1.7",0,0,0
"Lama2",0.0106459321501199,5.06779758585496,0.767316744951483
"Lama2.1",0.0106459321501199,5.06779758585496,0.767316744951483
"Lama2.2",0.0106459321501199,5.06779758585496,0.767316744951483
"Lama3",0.0660426259203652,0,0.201537949662007
"Lama5",0.70697603102603,0.0499043854781907,0.10620539279128
"Lamb1",0,1.5458193385942,0.0130786104919975
"Lamb1.1",0,1.5458193385942,0.0130786104919975
"Lamb2",1.96561309716475,3.62415028269186,0.381165768303551
"Lamc2",0.0190401512722797,0,0.0040620654047741
"Lamc2.1",0.0190401512722797,0,0.0040620654047741
"Lamc2.2",0.0190401512722797,0,0.0040620654047741
"Lamc2.3",0.0190401512722797,0,0.0040620654047741
"Lcn2",0.103213295994735,0,0.00115630872214584
"Lefty2",0,0,0.00066704675617965
"Lep",0,0,0
"Lgals3bp",1.48775342945092,0.461369791829225,1.38527259147271
"Lhb",0,0,0
"Lif",0,0,0.0450955639369276
"Lif.1",0,0,0.0450955639369276
"Lin7c",0.481832981911377,0.677298008588859,0.719533947631453
"Lin7c.1",0.481832981911377,0.677298008588859,0.719533947631453
"Lipc",0,0,0
"Liph",0,0,0.00435112351165316
"Liph.1",0,0,0.00435112351165316
"Liph.2",0,0,0.00435112351165316
"Lpl",0.16982879718468,0.221662842173555,0.261501698683915
"Lpl.1",0.16982879718468,0.221662842173555,0.261501698683915
"Lpl.2",0.16982879718468,0.221662842173555,0.261501698683915
"Lpl.3",0.16982879718468,0.221662842173555,0.261501698683915
"Lrp1b",0.0155097768696054,0,0.162463455176456
"Lrpap1",0.540204800718197,1.00740412939722,0.78385322794624
"Lrpap1.1",0.540204800718197,1.00740412939722,0.78385322794624
"Lrpap1.2",0.540204800718197,1.00740412939722,0.78385322794624
"Lrpap1.3",0.540204800718197,1.00740412939722,0.78385322794624
"Lrpap1.4",0.540204800718197,1.00740412939722,0.78385322794624
"Lrpap1.5",0.540204800718197,1.00740412939722,0.78385322794624
"Lrpap1.6",0.540204800718197,1.00740412939722,0.78385322794624
"Lta",0,0,0.0035505565832726
"Lta.1",0,0,0.0035505565832726
"Lta.2",0,0,0.0035505565832726
"Lta.3",0,0,0.0035505565832726
"Ltbp1",0.0738545078534815,0.11567100290026,0.876055472748377
"Ltbp3",0.0521290411599401,0.256127072035898,0.139722798280799
"Ltb",0,0,0
"Ltb.1",0,0,0
"Ltb.2",0,0,0
"Ltf",0.0355428963468518,0,0
"Ltf.1",0.0355428963468518,0,0
"Ly86",0,0.036800977041856,0.00429234759753945
"Matn1",0,0,0
"Matn1.1",0,0,0
"Mbl2",0,0,0
"Mbl2.1",0,0,0
"Mdk",0.302220392686593,0.193903579425186,1.4015329483905
"Mdk.1",0.302220392686593,0.193903579425186,1.4015329483905
"Mdk.2",0.302220392686593,0.193903579425186,1.4015329483905
"Mdk.3",0.302220392686593,0.193903579425186,1.4015329483905
"Mdk.4",0.302220392686593,0.193903579425186,1.4015329483905
"Mdk.5",0.302220392686593,0.193903579425186,1.4015329483905
"Mdk.6",0.302220392686593,0.193903579425186,1.4015329483905
"Mdk.7",0.302220392686593,0.193903579425186,1.4015329483905
"Mepe",0,0,0
"Mfap2",0,0.108545242035851,0.0258145007221526
"Mfap5",0,0.0153075577478151,0.0177287826216345
"Mfge8",0.474834773607632,17.7081950848754,26.1321466574045
"Mfge8.1",0.474834773607632,17.7081950848754,26.1321466574045
"Mfge8.2",0.474834773607632,17.7081950848754,26.1321466574045
"Mfng",1.09341790085825,0,0
"Mfng.1",1.09341790085825,0,0
"Mia",0.0117936929424335,0,0.0121967581532613
"Mmp12",0.0503353411448577,0.217074718222285,0.0814828540683012
"Mmp13",0,0,0
"Mmp1a",0,0,0
"Mmp1a.1",0,0,0
"Mmp2",0,0,0.00138833017118478
"Mmp7",0,0,0
"Mmp7.1",0,0,0
"Mmp7.2",0,0,0
"Mmp9",0,0,0
"Mmp9.1",0,0,0
"Mmp9.2",0,0,0
"Mst1",0,0,0.00097900573899859
"Mstn",0,0,0
"Muc2",0,0,0
"Myoc",0,0,0.00109231095147998
"Myoc.1",0,0,0.00109231095147998
"Myoc.2",0,0,0.00109231095147998
"Myoc.3",0,0,0.00109231095147998
"Myoc.4",0,0,0.00109231095147998
"Nampt",5.12574578181736,0.267400268960919,0.280028166581215
"Ncam1",0.251200678658148,0.20816057672599,3.69183757557049
"Ncam1.1",0.251200678658148,0.20816057672599,3.69183757557049
"Ncam1.2",0.251200678658148,0.20816057672599,3.69183757557049
"Ncam1.3",0.251200678658148,0.20816057672599,3.69183757557049
"Ndp",0,0,1.59453309182824
"Ndp.1",0,0,1.59453309182824
"Ngf",0,0.0501539017610828,0
"Ngf.1",0,0.0501539017610828,0
"Ngf.2",0,0.0501539017610828,0
"Ngf.3",0,0.0501539017610828,0
"Nid1",0.530549498904897,6.72455455355985,0
"Nid1.1",0.530549498904897,6.72455455355985,0
"Nid1.2",0.530549498904897,6.72455455355985,0
"Nid1.3",0.530549498904897,6.72455455355985,0
"Nid2",0.592529080521277,0.302257911424259,0.133274055141669
"Nlgn1",0.461067852615036,0.386508625635857,1.18907545353636
"Nlgn1.1",0.461067852615036,0.386508625635857,1.18907545353636
"Nlgn2",0.0749130499474704,0.569748537141074,0.430185253216825
"Nlgn2.1",0.0749130499474704,0.569748537141074,0.430185253216825
"Nlgn3",0.0403824905664653,0.0554760965004993,0.764758243321132
"Nlgn3.1",0.0403824905664653,0.0554760965004993,0.764758243321132
"Nmb",0.0739945315471641,0,0.0435771800170708
"Nmb.1",0.0739945315471641,0,0.0435771800170708
"Nmb.2",0.0739945315471641,0,0.0435771800170708
"Nms",0,0,0
"Nms.1",0,0,0
"Nmu",0,0,0
"Nmu.1",0,0,0
"Nodal",0,2.0573365435092,0.0018258391116352
"Nodal.1",0,2.0573365435092,0.0018258391116352
"Nodal.2",0,2.0573365435092,0.0018258391116352
"Nodal.3",0,2.0573365435092,0.0018258391116352
"Nov",0.0216970327526018,0.0637108898688058,0.00060721903018794
"Npb",0,0.0154438090354517,0.0045637882094818
"Npff",0,0,0.0242508604882131
"Npff.1",0,0,0.0242508604882131
"Npnt",0.0190779594306133,0,0.00859437560757349
"Npnt.1",0.0190779594306133,0,0.00859437560757349
"Nppa",0,0,0
"Nppa.1",0,0,0
"Nppc",0,0,0.00398722954836151
"Nppc.1",0,0,0.00398722954836151
"Nps",0.0162526103565223,0,0
"Npvf",0,0,0
"Npvf.1",0,0,0
"Npw",0,0,0
"Npy",0,0.0300637764583801,0.00497717657031962
"Npy.1",0,0.0300637764583801,0.00497717657031962
"Npy.2",0,0.0300637764583801,0.00497717657031962
"Npy.3",0,0.0300637764583801,0.00497717657031962
"Npy.4",0,0.0300637764583801,0.00497717657031962
"Npy.5",0,0.0300637764583801,0.00497717657031962
"Npy.6",0,0.0300637764583801,0.00497717657031962
"Nrg2",0,0,0.0421549747155392
"Nrg2.1",0,0,0.0421549747155392
"Nrg3",0,0,0.00657492125660109
"Nrg4",0.133758150299171,0.162216574099104,0.0730626198727256
"Nrtn",0,0.0186321208406901,0.0165023615753455
"Nrtn.1",0,0.0186321208406901,0.0165023615753455
"Nrtn.2",0,0.0186321208406901,0.0165023615753455
"Ntf3",0,0,0
"Ntf3.1",0,0,0
"Ntf3.2",0,0,0
"Ntf3.3",0,0,0
"Ntf5",0.0199837012566549,0,0.00335836777795785
"Ntf5.1",0.0199837012566549,0,0.00335836777795785
"Ntf5.2",0.0199837012566549,0,0.00335836777795785
"Ntn1",0.128578645384893,3.58505117192552,0.0138207213477354
"Ntn1.1",0.128578645384893,3.58505117192552,0.0138207213477354
"Ntn1.2",0.128578645384893,3.58505117192552,0.0138207213477354
"Ntn1.3",0.128578645384893,3.58505117192552,0.0138207213477354
"Ntn1.4",0.128578645384893,3.58505117192552,0.0138207213477354
"Ntn1.5",0.128578645384893,3.58505117192552,0.0138207213477354
"Ntn1.6",0.128578645384893,3.58505117192552,0.0138207213477354
"NA..2",NA,NA,NA
"NA..3",NA,NA,NA
"Ntn4",0.101392847024928,1.52823855304603,0.0673092245495113
"Ntn4.1",0.101392847024928,1.52823855304603,0.0673092245495113
"Ntng1",0,0,0.021176937756089
"Ntng2",0,0,0.00196663119799715
"Nts",0.00970911087092418,0.129273325107759,0.00140436922919624
"Nts.1",0.00970911087092418,0.129273325107759,0.00140436922919624
"Nts.2",0.00970911087092418,0.129273325107759,0.00140436922919624
"Nxph1",0,0,0.00142239146758948
"Nxph1.1",0,0,0.00142239146758948
"Nxph2",0,0,0
"Nxph3",0,0,0
"Nxph3.1",0,0,0
"Olfm2",0.054570451703305,0.0154124730390305,0.107113696017007
"Omg",0.0452318449958295,0.0152692098815766,5.44321663659028
"Omg.1",0.0452318449958295,0.0152692098815766,5.44321663659028
"Omg.2",0.0452318449958295,0.0152692098815766,5.44321663659028
"Omg.3",0.0452318449958295,0.0152692098815766,5.44321663659028
"Osm",0,0,0
"Osm.1",0,0,0
"Osm.2",0,0,0
"Ostn",0,0.0156074566509689,0.017296641934878
"Oxt",0.011486628575777,0,0.0200380088583008
"Oxt.1",0.011486628575777,0,0.0200380088583008
"Oxt.2",0.011486628575777,0,0.0200380088583008
"Oxt.3",0.011486628575777,0,0.0200380088583008
"Pcsk9",0,0,0.00120717569975458
"Pdap1",1.52650639598523,1.27584417362633,0.719472798154143
"Pdgfa",0.218747943006813,0.865407666387424,0.217581623688461
"Pdgfb",7.06111099284443,0.211034496223759,0.00508472571427381
"Pdgfb.1",7.06111099284443,0.211034496223759,0.00508472571427381
"Pdgfb.2",7.06111099284443,0.211034496223759,0.00508472571427381
"Pdgfb.3",7.06111099284443,0.211034496223759,0.00508472571427381
"Pdgfc",0,0.0166268908102113,0.146298899459061
"Pdgfc.1",0,0.0166268908102113,0.146298899459061
"Pdgfc.2",0,0.0166268908102113,0.146298899459061
"Pdgfd",0.767200417694271,0.0374899642333235,0.0377697086657546
"Pdyn",0,0,0.00238981556358809
"Pdyn.1",0,0,0.00238981556358809
"Pdyn.2",0,0,0.00238981556358809
"Penk",0,0,0.00312179933820859
"Penk.1",0,0,0.00312179933820859
"Penk.2",0,0,0.00312179933820859
"Penk.3",0,0,0.00312179933820859
"Pf4",0.026119096686858,0.0134794525637263,0
"Pf4.1",0.026119096686858,0.0134794525637263,0
"Pf4.2",0.026119096686858,0.0134794525637263,0
"Pf4.3",0.026119096686858,0.0134794525637263,0
"Pf4.4",0.026119096686858,0.0134794525637263,0
"Pf4.5",0.026119096686858,0.0134794525637263,0
"Pgf",0,0.129466831340996,0.0257748875245843
"Pgf.1",0,0.129466831340996,0.0257748875245843
"Pgf.2",0,0.129466831340996,0.0257748875245843
"Pigf",0.0780163645668565,0.125569892035311,0.112105186416585
"Pip",0,0,0
"Pla2g10",0,0,0
"Plat",4.91289770365869,11.0215122431228,0.24142276721049
"Plau",0.206874115031391,0.355179691825805,0.21565971328897
"Plau.1",0.206874115031391,0.355179691825805,0.21565971328897
"Plau.2",0.206874115031391,0.355179691825805,0.21565971328897
"Plau.3",0.206874115031391,0.355179691825805,0.21565971328897
"Plau.4",0.206874115031391,0.355179691825805,0.21565971328897
"Plg",0,0,0.00181766273083505
"Plg.1",0,0,0.00181766273083505
"Plg.2",0,0,0.00181766273083505
"Plg.3",0,0,0.00181766273083505
"Plg.4",0,0,0.00181766273083505
"Plg.5",0,0,0.00181766273083505
"Pltp",13.8447209523882,0.464720402313575,0.213013806912763
"Pmch",0,0,0.0010125717015336
"Pnoc",0.0268751547290652,0,0.0243973447019779
"Podxl2",0.0378300434475349,0.0378225416298525,0.0302613531315435
"Pomc",0.212180763587488,0,0.00568862634573872
"Pomc.1",0.212180763587488,0,0.00568862634573872
"Pomc.2",0.212180763587488,0,0.00568862634573872
"Pomc.3",0.212180763587488,0,0.00568862634573872
"Pomc.4",0.212180763587488,0,0.00568862634573872
"Pomc.5",0.212180763587488,0,0.00568862634573872
"Pomc.6",0.212180763587488,0,0.00568862634573872
"Pomc.7",0.212180763587488,0,0.00568862634573872
"Pon2",1.51203761964501,0.929755672132229,2.06883528768739
"Ppy",0,0,0
"Prlh",0,0,0
"Prl",0,0,0
"Proc",0,0,0
"Proc.1",0,0,0
"Prok1",0,0,0.00127144371134996
"Prok1.1",0,0,0.00127144371134996
"Prok2",0,0,0.0149191352814943
"Prok2.1",0,0,0.0149191352814943
"Pros1",1.80380917797677,2.66892099162074,0.287354376902573
"Pros1.1",1.80380917797677,2.66892099162074,0.287354376902573
"Prss23",1.41457022773866,2.62065875580218,0.107913072212957
"Psap",5.9461400892761,8.67558682460332,15.6533153511946
"Psap.1",5.9461400892761,8.67558682460332,15.6533153511946
"Psap.2",5.9461400892761,8.67558682460332,15.6533153511946
"Psap.3",5.9461400892761,8.67558682460332,15.6533153511946
"Psen1",0.351894827526111,0.41975693752374,0.409722691657734
"Psen1.1",0.351894827526111,0.41975693752374,0.409722691657734
"Psen1.2",0.351894827526111,0.41975693752374,0.409722691657734
"Psen1.3",0.351894827526111,0.41975693752374,0.409722691657734
"Psen1.4",0.351894827526111,0.41975693752374,0.409722691657734
"Pspn",0,0,0.00104491187813455
"Pspn.1",0,0,0.00104491187813455
"Pspn.2",0,0,0.00104491187813455
"Ptdss1",0.576169726454303,0.614138980852044,0.914757950292782
"Ptdss1.1",0.576169726454303,0.614138980852044,0.914757950292782
"Ptgs2",0.0641893044641817,0,0.00218934381529848
"Ptgs2.1",0.0641893044641817,0,0.00218934381529848
"Pth2",0,0,0
"Pth2.1",0,0,0
"Pthlh",0,0,0
"Pthlh.1",0,0,0
"Pthlh.2",0,0,0
"Pth",0,0,0
"Pth.1",0,0,0
"Ptn",7.63226327174465,50.5367669623722,16.2291044699408
"Ptn.1",7.63226327174465,50.5367669623722,16.2291044699408
"Ptn.2",7.63226327174465,50.5367669623722,16.2291044699408
"Ptn.3",7.63226327174465,50.5367669623722,16.2291044699408
"Ptn.4",7.63226327174465,50.5367669623722,16.2291044699408
"Ptn.5",7.63226327174465,50.5367669623722,16.2291044699408
"Ptn.6",7.63226327174465,50.5367669623722,16.2291044699408
"Ptn.7",7.63226327174465,50.5367669623722,16.2291044699408
"Pyy",0,0,0
"Pyy.1",0,0,0
"Pyy.2",0,0,0
"Pyy.3",0,0,0
"Qrfp",0,0,0.00169251486605797
"Qrfp.1",0,0,0.00169251486605797
"Rarres2",0.113317734089996,2.22716506171526,0.210118530322351
"Rarres2.1",0.113317734089996,2.22716506171526,0.210118530322351
"Rarres2.2",0.113317734089996,2.22716506171526,0.210118530322351
"Rbp3",0,0,0
"Rbp4",0,0,0.00076722761783902
"Reln",0,0.0107764099213715,0.0185615165063471
"Reln.1",0,0.0107764099213715,0.0185615165063471
"Reln.2",0,0.0107764099213715,0.0185615165063471
"Reln.3",0,0.0107764099213715,0.0185615165063471
"Ren1",0,0,0.00297146062454406
"Rgma",0.0449804479701284,2.91347230625164,4.35509020988693
"Rgmb",0.474821383056492,0.742066740296501,0.270980693046894
"Rims1",0.0213862976602141,0.0787554578005168,0.0392430223011509
"Rims2",0.0471641991543081,0.032102043511304,0.425779716178319
"Rln1",0,0,0.00106140186549027
"Rln1.1",0,0,0.00106140186549027
"Rln3",0,0,0
"Rln3.1",0,0,0
"Rln3.2",0,0,0
"Rln3.3",0,0,0
"Rph3a",0.0103674790354991,0,0.0342728537131132
"Rps19",6.94000307773504,2.72410527695794,0.895329271022682
"Rspo1",0.0150094132461512,0,0.0108139143949472
"Rspo1.1",0.0150094132461512,0,0.0108139143949472
"Rspo1.2",0.0150094132461512,0,0.0108139143949472
"Rspo1.3",0.0150094132461512,0,0.0108139143949472
"Rspo1.4",0.0150094132461512,0,0.0108139143949472
"Rspo2",0,0,0
"Rspo2.1",0,0,0
"Rspo2.2",0,0,0
"Rspo3",0,0,0.0395935109968628
"Rspo3.1",0,0,0.0395935109968628
"Rspo3.2",0,0,0.0395935109968628
"Rspo3.3",0,0,0.0395935109968628
"Rspo3.4",0,0,0.0395935109968628
"Rspo3.5",0,0,0.0395935109968628
"Rspo4",0,0,0
"Rspo4.1",0,0,0
"Rspo4.2",0,0,0
"Rtn4",2.1558912151617,2.73947529084039,1.24434609536669
"Rtn4.1",2.1558912151617,2.73947529084039,1.24434609536669
"Rtn4.2",2.1558912151617,2.73947529084039,1.24434609536669
"Rtn4.3",2.1558912151617,2.73947529084039,1.24434609536669
"S100a8",0,0,0.00055183165466351
"S100a9",0,0,0.00066769557208157
"Scgb1a1",0,0,0
"Scgb1a1.1",0,0,0
"Scgb3a1",0.225309665010893,0.0418115955006725,0
"Scgb3a2",0,0,0
"Selplg",0.0377565841904288,0.0617930986701689,0.0412907230807821
"Selplg.1",0.0377565841904288,0.0617930986701689,0.0412907230807821
"Selplg.2",0.0377565841904288,0.0617930986701689,0.0412907230807821
"Sema3a",0.0236043614344244,0,0.00928191449629762
"Sema3a.1",0.0236043614344244,0,0.00928191449629762
"Sema3a.2",0.0236043614344244,0,0.00928191449629762
"Sema3a.3",0.0236043614344244,0,0.00928191449629762
"Sema3a.4",0.0236043614344244,0,0.00928191449629762
"Sema3b",0,0,0
"Sema3b.1",0,0,0
"Sema3c",7.92384154116251,0.0572919834531262,0.0222929413942416
"Sema3c.1",7.92384154116251,0.0572919834531262,0.0222929413942416
"Sema3c.2",7.92384154116251,0.0572919834531262,0.0222929413942416
"Sema3d",0.0618501067609489,0,0.0436012113605094
"Sema3e",0.0451968444250356,0,0.00974153171205269
"Sema3f",0,0.0513727453153539,0.0128947762750094
"Sema3f.1",0,0.0513727453153539,0.0128947762750094
"Sema3f.2",0,0.0513727453153539,0.0128947762750094
"Sema3g",0.776367925448605,0,0.00062411745777737
"Sema4a",0,0.0169733513983379,1.4066820510024
"Sema4b",0.0688855236787407,0.0877777857086637,1.65097938763507
"Sema4c",0.689810999414231,0.711501623120215,0.0891048681948753
"Sema4d",0,0.0187823229022627,0.305225950344306
"Sema4d.1",0,0.0187823229022627,0.305225950344306
"Sema4d.2",0,0.0187823229022627,0.305225950344306
"Sema4d.3",0,0.0187823229022627,0.305225950344306
"Sema4d.4",0,0.0187823229022627,0.305225950344306
"Sema4f",0,0,0.00525893841188961
"Sema4g",0,0.0397543651380901,0.164302064134768
"Sema5a",0.0779517857683642,2.20437238336129,0.142976213295007
"Sema5a.1",0.0779517857683642,2.20437238336129,0.142976213295007
"Sema6a",1.91822780903026,0.0601878579179633,0.32540354817965
"Sema6a.1",1.91822780903026,0.0601878579179633,0.32540354817965
"Sema6d",0.303809009069635,4.67350163544833,2.14064973350898
"Sema6d.1",0.303809009069635,4.67350163544833,2.14064973350898
"Sema6d.2",0.303809009069635,4.67350163544833,2.14064973350898
"Sema6d.3",0.303809009069635,4.67350163544833,2.14064973350898
"Sema7a",9.63335326893743,0.132717457655409,0.557071558844786
"Sema7a.1",9.63335326893743,0.132717457655409,0.557071558844786
"Sema7a.2",9.63335326893743,0.132717457655409,0.557071558844786
"Serpina7",0,0,0
"Serpinc1",0.0829011822855507,0.239201328714075,0.217823867991283
"Serpinc1.1",0.0829011822855507,0.239201328714075,0.217823867991283
"Serpine1",0,0,0
"Serpine1.1",0,0,0
"Serpine2",0.728101565091381,0.5647408798485,8.43025871817459
"Serping1",0,0.583388889628401,0.0127475136628191
"Serping1.1",0,0.583388889628401,0.0127475136628191
"Serping1.2",0,0.583388889628401,0.0127475136628191
"Sfrp1",0.0232627597238152,0,0.288443209366296
"Sfrp1.1",0.0232627597238152,0,0.288443209366296
"Sftpa1",0,0,0
"Shank1",0.201695543092603,0.242169325673273,0.238037170912516
"Shank1.1",0.201695543092603,0.242169325673273,0.238037170912516
"Shbg",0,0,0
"Shbg.1",0,0,0
"Shbg.2",0,0,0
"Shh",0,0.0185612070333739,0.00895770381438544
"Shh.1",0,0.0185612070333739,0.00895770381438544
"Shh.2",0,0.0185612070333739,0.00895770381438544
"Shh.3",0,0.0185612070333739,0.00895770381438544
"Shh.4",0,0.0185612070333739,0.00895770381438544
"Shh.5",0,0.0185612070333739,0.00895770381438544
"Shh.6",0,0.0185612070333739,0.00895770381438544
"Shh.7",0,0.0185612070333739,0.00895770381438544
"Slit1",0,0,0.00627013815306916
"Slit1.1",0,0,0.00627013815306916
"Slit1.2",0,0,0.00627013815306916
"Slit2",0.0075478179054092,0.0550690112021823,0.029229314217188
"Slit2.1",0.0075478179054092,0.0550690112021823,0.029229314217188
"Slit2.2",0.0075478179054092,0.0550690112021823,0.029229314217188
"Slit2.3",0.0075478179054092,0.0550690112021823,0.029229314217188
"Slit2.4",0.0075478179054092,0.0550690112021823,0.029229314217188
"Slit3",0,0,0.00184129061351597
"Sorbs1",2.24724765610711,1.22455075299135,1.14255220175957
"Sost",0,0,0
"Sost.1",0,0,0
"Spink1",0,0,0
"Spink1.1",0,0,0
"Spint1",0,0,0
"Spp1",0.00515283365828836,0.597108516486437,0.00302785420721194
"Spp1.1",0.00515283365828836,0.597108516486437,0.00302785420721194
"Spp1.2",0.00515283365828836,0.597108516486437,0.00302785420721194
"Spp1.3",0.00515283365828836,0.597108516486437,0.00302785420721194
"Spp1.4",0.00515283365828836,0.597108516486437,0.00302785420721194
"Spp1.5",0.00515283365828836,0.597108516486437,0.00302785420721194
"Spp1.6",0.00515283365828836,0.597108516486437,0.00302785420721194
"Sst",0,0,0.018406416393609
"Sst.1",0,0,0.018406416393609
"Sst.2",0,0,0.018406416393609
"Sst.3",0,0,0.018406416393609
"Sst.4",0,0,0.018406416393609
"Sytl3",0,0,0
"Tac1",0,0,0
"Tac1.1",0,0,0
"Tac1.2",0,0,0
"Tac2",0,0,0
"Tac2.1",0,0,0
"Tac2.2",0,0,0
"Tctn1",0.638780276812712,0.422364951437358,0.345162506308094
"Tdgf1",0,0.0879700236741053,0.0135163533161933
"Tdgf1.1",0,0.0879700236741053,0.0135163533161933
"Tdgf1.2",0,0.0879700236741053,0.0135163533161933
"Tfpi",0.348978509699566,1.56848521049562,0.00135056712568981
"Tfpi.1",0.348978509699566,1.56848521049562,0.00135056712568981
"Trf",0.106206132302336,0.237378779104762,0.142680043574037
"Trf.1",0.106206132302336,0.237378779104762,0.142680043574037
"Tgfa",1.25117210669777,0.0146415226935921,0.707366988405149
"Tgfa.1",1.25117210669777,0.0146415226935921,0.707366988405149
"Tgfa.2",1.25117210669777,0.0146415226935921,0.707366988405149
"Tgfb1",0.265344942436652,0.564808356042829,0.0812023403541753
"Tgfb1.1",0.265344942436652,0.564808356042829,0.0812023403541753
"Tgfb1.2",0.265344942436652,0.564808356042829,0.0812023403541753
"Tgfb1.3",0.265344942436652,0.564808356042829,0.0812023403541753
"Tgfb1.4",0.265344942436652,0.564808356042829,0.0812023403541753
"Tgfb1.5",0.265344942436652,0.564808356042829,0.0812023403541753
"Tgfb1.6",0.265344942436652,0.564808356042829,0.0812023403541753
"Tgfb1.7",0.265344942436652,0.564808356042829,0.0812023403541753
"Tgfb1.8",0.265344942436652,0.564808356042829,0.0812023403541753
"Tgfb2",2.39729347896835,0.968150517178999,1.03268935223751
"Tgfb2.1",2.39729347896835,0.968150517178999,1.03268935223751
"Tgfb2.2",2.39729347896835,0.968150517178999,1.03268935223751
"Tgfb2.3",2.39729347896835,0.968150517178999,1.03268935223751
"Tgfb3",0,0.0784958088649958,0.0281870796026619
"Tgfb3.1",0,0.0784958088649958,0.0281870796026619
"Tgfb3.2",0,0.0784958088649958,0.0281870796026619
"Tgfb3.3",0,0.0784958088649958,0.0281870796026619
"Tgfb3.4",0,0.0784958088649958,0.0281870796026619
"Tgm2",3.24970319531752,0.282477807466087,0.0110625987666354
"Tgm2.1",3.24970319531752,0.282477807466087,0.0110625987666354
"Tgm2.2",3.24970319531752,0.282477807466087,0.0110625987666354
"Tg",0,0,0
"Tg.1",0,0,0
"Thbs1",0.012538680459248,0.0259442415500357,0.00823609479669468
"Thbs1.1",0.012538680459248,0.0259442415500357,0.00823609479669468
"Thbs1.2",0.012538680459248,0.0259442415500357,0.00823609479669468
"Thbs1.3",0.012538680459248,0.0259442415500357,0.00823609479669468
"Thbs1.4",0.012538680459248,0.0259442415500357,0.00823609479669468
"Thbs1.5",0.012538680459248,0.0259442415500357,0.00823609479669468
"Thbs1.6",0.012538680459248,0.0259442415500357,0.00823609479669468
"Thbs1.7",0.012538680459248,0.0259442415500357,0.00823609479669468
"Thbs1.8",0.012538680459248,0.0259442415500357,0.00823609479669468
"Thbs1.9",0.012538680459248,0.0259442415500357,0.00823609479669468
"Thbs1.10",0.012538680459248,0.0259442415500357,0.00823609479669468
"Thbs1.11",0.012538680459248,0.0259442415500357,0.00823609479669468
"Thbs2",0.0410146839988355,0.16282213593007,0.00473536850173438
"Thbs2.1",0.0410146839988355,0.16282213593007,0.00473536850173438
"Thbs2.2",0.0410146839988355,0.16282213593007,0.00473536850173438
"Thbs2.3",0.0410146839988355,0.16282213593007,0.00473536850173438
"Thbs2.4",0.0410146839988355,0.16282213593007,0.00473536850173438
"Thpo",0,0,0.0253654835710443
"Timp1",0,0,0
"Timp2",0.10538478855011,0.0855741069854964,1.12146002887143
"Timp2.1",0.10538478855011,0.0855741069854964,1.12146002887143
"Timp3",2.84356043722942,1.7025542727362,5.34788189213973
"Timp3.1",2.84356043722942,1.7025542727362,5.34788189213973
"Tnc",0,0,0.0847822575956204
"Tnc.1",0,0,0.0847822575956204
"Tnc.2",0,0,0.0847822575956204
"Tnc.3",0,0,0.0847822575956204
"Tnc.4",0,0,0.0847822575956204
"Tnc.5",0,0,0.0847822575956204
"Tnfsf10",1.61060789006631,0.074803518003096,0.0317776069025421
"Tnfsf10.1",1.61060789006631,0.074803518003096,0.0317776069025421
"Tnfsf11",0,0,0
"Tnfsf11.1",0,0,0
"Tnfsf12",0.816386015277966,1.03162928525244,0.383925351724939
"Tnfsf12.1",0.816386015277966,1.03162928525244,0.383925351724939
"Tnfsf13b",0,0,0.0126634268445644
"Tnfsf13b.1",0,0,0.0126634268445644
"Tnfsf13b.2",0,0,0.0126634268445644
"Tnfsf13",0.289929838196989,0.117934874399077,0.117479216316333
"Tnfsf13.1",0.289929838196989,0.117934874399077,0.117479216316333
"Tnfsf13.2",0.289929838196989,0.117934874399077,0.117479216316333
"Tnfsf13.3",0.289929838196989,0.117934874399077,0.117479216316333
"Tnfsf13.4",0.289929838196989,0.117934874399077,0.117479216316333
"Tnfsf13.5",0.289929838196989,0.117934874399077,0.117479216316333
"Tnfsf13.6",0.289929838196989,0.117934874399077,0.117479216316333
"Tnfsf14",0,0,0
"Tnfsf14.1",0,0,0
"Tnfsf15",0.0117394979084747,0,0.100611747936613
"Tnfsf18",0,0,0
"Tnfsf4",0,0,0
"Tnfsf4.1",0,0,0
"Tnfsf8",0,0,0
"Tnf",0,0,0.00300305953262936
"Tnf.1",0,0,0.00300305953262936
"Tnf.2",0,0,0.00300305953262936
"Tnf.3",0,0,0.00300305953262936
"Trh",0,0,0
"Tshb",0,0,0.00200488310821499
"Tslp",0,0.208398175927366,0
"Ucn2",0,0.0328188972283572,0.00387267410232821
"Ucn2.1",0,0.0328188972283572,0.00387267410232821
"Ucn2.2",0,0.0328188972283572,0.00387267410232821
"Ucn3",0,0,0
"Ucn3.1",0,0,0
"Ucn3.2",0,0,0
"Ucn",0,0,0
"Ucn.1",0,0,0
"Uts2b",0,0,0
"Uts2",0,0,0
"Vasp",0.833618633611402,3.01610225949634,0.202046627469401
"Vcam1",0.602852327232381,0.0373342926150393,4.3264806990838
"Vcam1.1",0.602852327232381,0.0373342926150393,4.3264806990838
"Vcam1.2",0.602852327232381,0.0373342926150393,4.3264806990838
"Vcam1.3",0.602852327232381,0.0373342926150393,4.3264806990838
"Vcam1.4",0.602852327232381,0.0373342926150393,4.3264806990838
"Vcan",0.0202915301910972,0.0416661891550144,0.15106693616217
"Vcan.1",0.0202915301910972,0.0416661891550144,0.15106693616217
"Vcan.2",0.0202915301910972,0.0416661891550144,0.15106693616217
"Vcan.3",0.0202915301910972,0.0416661891550144,0.15106693616217
"Vcan.4",0.0202915301910972,0.0416661891550144,0.15106693616217
"Vcan.5",0.0202915301910972,0.0416661891550144,0.15106693616217
"Vegfa",0.0139237608237815,0.125787707305279,7.97085513083268
"Vegfa.1",0.0139237608237815,0.125787707305279,7.97085513083268
"Vegfa.2",0.0139237608237815,0.125787707305279,7.97085513083268
"Vegfa.3",0.0139237608237815,0.125787707305279,7.97085513083268
"Vegfa.4",0.0139237608237815,0.125787707305279,7.97085513083268
"Vegfa.5",0.0139237608237815,0.125787707305279,7.97085513083268
"Vegfb",0.136866269596912,0.176614090579031,1.03347580120333
"Vegfb.1",0.136866269596912,0.176614090579031,1.03347580120333
"Vegfc",0.0829543838272647,0,0.0599879679342898
"Vegfc.1",0.0829543838272647,0,0.0599879679342898
"Vegfc.2",0.0829543838272647,0,0.0599879679342898
"Vegfc.3",0.0829543838272647,0,0.0599879679342898
"Vim",7.62600591581382,0.929424003964081,0.302985018620896
"Vip",0,0,0.0140859856013097
"Vip.1",0,0,0.0140859856013097
"Vip.2",0,0,0.0140859856013097
"Vip.3",0,0,0.0140859856013097
"Vtn",0.072721750027663,52.4342767464719,0.0131158396576771
"Vtn.1",0.072721750027663,52.4342767464719,0.0131158396576771
"Vtn.2",0.072721750027663,52.4342767464719,0.0131158396576771
"Vtn.3",0.072721750027663,52.4342767464719,0.0131158396576771
"Vtn.4",0.072721750027663,52.4342767464719,0.0131158396576771
"Vtn.5",0.072721750027663,52.4342767464719,0.0131158396576771
"Vtn.6",0.072721750027663,52.4342767464719,0.0131158396576771
"Vtn.7",0.072721750027663,52.4342767464719,0.0131158396576771
"Vwf",2.00502751788455,0.0520124769524796,0.0060883860113223
"Vwf.1",2.00502751788455,0.0520124769524796,0.0060883860113223
"Vwf.2",2.00502751788455,0.0520124769524796,0.0060883860113223
"Wnt11",0,0,0
"Wnt1",0,0,0
"Wnt1.1",0,0,0
"Wnt1.2",0,0,0
"Wnt1.3",0,0,0
"Wnt1.4",0,0,0
"Wnt1.5",0,0,0
"Wnt2",0,0,0
"Wnt2.1",0,0,0
"Wnt2.2",0,0,0
"Wnt2.3",0,0,0
"Wnt2.4",0,0,0
"Wnt3a",0,0,0
"Wnt3a.1",0,0,0
"Wnt3a.2",0,0,0
"Wnt3a.3",0,0,0
"Wnt3a.4",0,0,0
"Wnt3a.5",0,0,0
"Wnt3a.6",0,0,0
"Wnt3a.7",0,0,0
"Wnt3a.8",0,0,0
"Wnt3a.9",0,0,0
"Wnt3",0.0199976855102054,0,0.00309048943167131
"Wnt3.1",0.0199976855102054,0,0.00309048943167131
"Wnt3.2",0.0199976855102054,0,0.00309048943167131
"Wnt3.3",0.0199976855102054,0,0.00309048943167131
"Wnt3.4",0.0199976855102054,0,0.00309048943167131
"Wnt4",0.14233903561683,0.102840765924217,0.2083691916172
"Wnt4.1",0.14233903561683,0.102840765924217,0.2083691916172
"Wnt5a",0.473122020599579,0.0676365141329645,0.0570520442355358
"Wnt5a.1",0.473122020599579,0.0676365141329645,0.0570520442355358
"Wnt5a.2",0.473122020599579,0.0676365141329645,0.0570520442355358
"Wnt5a.3",0.473122020599579,0.0676365141329645,0.0570520442355358
"Wnt5a.4",0.473122020599579,0.0676365141329645,0.0570520442355358
"Wnt5a.5",0.473122020599579,0.0676365141329645,0.0570520442355358
"Wnt5a.6",0.473122020599579,0.0676365141329645,0.0570520442355358
"Wnt5a.7",0.473122020599579,0.0676365141329645,0.0570520442355358
"Wnt5a.8",0.473122020599579,0.0676365141329645,0.0570520442355358
"Wnt5a.9",0.473122020599579,0.0676365141329645,0.0570520442355358
"Wnt5a.10",0.473122020599579,0.0676365141329645,0.0570520442355358
"Wnt5a.11",0.473122020599579,0.0676365141329645,0.0570520442355358
"Wnt7a",0,0,1.40095533014368
"Wnt7a.1",0,0,1.40095533014368
"Wnt7a.2",0,0,1.40095533014368
"Wnt7b",0,0,1.12477032411788
"Wnt7b.1",0,0,1.12477032411788
"Wnt7b.2",0,0,1.12477032411788
"Xcl1",0,0,0
"Yars",0.574211408158484,0.672121717384636,0.978048066395977
"Zp3",0,0,0
"Cd28",0,0.0253831977999432,0.00439851515697658
"Ctla4",0,0,0
"Cd274",0.20364625069164,0.0197388557050242,0.0406211372298036
"Cd28.1",0,0.0253831977999432,0.00439851515697658
"Ctla4.1",0,0,0
"Pdcd1lg2",0,0,0.00128387692502845
"Cd274.1",0.20364625069164,0.0197388557050242,0.0406211372298036
"Icos",0,0,0
"Thbd",4.12523478759581,0.756409818042469,0.00448835848356652
"Thbd.1",4.12523478759581,0.756409818042469,0.00448835848356652
"Thbd.2",4.12523478759581,0.756409818042469,0.00448835848356652
"Thbd.3",4.12523478759581,0.756409818042469,0.00448835848356652
"Spock2",46.9257643186305,0.148102996182184,0.276845854117195
"Vwa1",11.1921509924523,0.0165767078233934,0.449316460959777
"Vwa1.1",11.1921509924523,0.0165767078233934,0.449316460959777
"Vwa1.2",11.1921509924523,0.0165767078233934,0.449316460959777
"Vwa1.3",11.1921509924523,0.0165767078233934,0.449316460959777
"Vwa1.4",11.1921509924523,0.0165767078233934,0.449316460959777
"Vwa1.5",11.1921509924523,0.0165767078233934,0.449316460959777
"Vwa1.6",11.1921509924523,0.0165767078233934,0.449316460959777
"Vwa1.7",11.1921509924523,0.0165767078233934,0.449316460959777
"Prom1",4.84975430709776,0,0.21781556756611
"Prom1.1",4.84975430709776,0,0.21781556756611
"Prom1.2",4.84975430709776,0,0.21781556756611
"Prom1.3",4.84975430709776,0,0.21781556756611
"Prom1.4",4.84975430709776,0,0.21781556756611
"Prom1.5",4.84975430709776,0,0.21781556756611
"Glul",12.7497389987207,1.0520846384179,76.0866216387454
"Glul.1",12.7497389987207,1.0520846384179,76.0866216387454
"NA..4",NA,NA,NA
"NA..5",NA,NA,NA
"NA..6",NA,NA,NA
"Sparcl1",25.354555100378,44.9489466055695,55.5224508615697
"Sparcl1.1",25.354555100378,44.9489466055695,55.5224508615697
"Sparcl1.2",25.354555100378,44.9489466055695,55.5224508615697
"Ltbp4",12.0908378280062,0.874825953922758,0.0546087725359283
"Ltbp4.1",12.0908378280062,0.874825953922758,0.0546087725359283
"Ltbp4.2",12.0908378280062,0.874825953922758,0.0546087725359283
"NA..7",NA,NA,NA
"Ltbp4.3",12.0908378280062,0.874825953922758,0.0546087725359283
"Ltbp4.4",12.0908378280062,0.874825953922758,0.0546087725359283
"Bsg",58.0831788297539,1.76054942599089,1.96998463735726
"Bsg.1",58.0831788297539,1.76054942599089,1.96998463735726
"Bsg.2",58.0831788297539,1.76054942599089,1.96998463735726
"Bsg.3",58.0831788297539,1.76054942599089,1.96998463735726
"Bsg.4",58.0831788297539,1.76054942599089,1.96998463735726
"Bsg.5",58.0831788297539,1.76054942599089,1.96998463735726
"Bsg.6",58.0831788297539,1.76054942599089,1.96998463735726
"Bsg.7",58.0831788297539,1.76054942599089,1.96998463735726
"Bsg.8",58.0831788297539,1.76054942599089,1.96998463735726
"Bsg.9",58.0831788297539,1.76054942599089,1.96998463735726
"Bsg.10",58.0831788297539,1.76054942599089,1.96998463735726
"Bsg.11",58.0831788297539,1.76054942599089,1.96998463735726
"Bsg.12",58.0831788297539,1.76054942599089,1.96998463735726
"Bsg.13",58.0831788297539,1.76054942599089,1.96998463735726
"Bsg.14",58.0831788297539,1.76054942599089,1.96998463735726
"Bsg.15",58.0831788297539,1.76054942599089,1.96998463735726
"Abhd2",7.88226621699738,2.49299830388641,0.44887679229024
"Abhd2.1",7.88226621699738,2.49299830388641,0.44887679229024
"Abhd2.2",7.88226621699738,2.49299830388641,0.44887679229024
"Abhd2.3",7.88226621699738,2.49299830388641,0.44887679229024
"Car4",9.67238079714901,10.3697614978711,0.00634539556105311
"Car4.1",9.67238079714901,10.3697614978711,0.00634539556105311
"Car4.2",9.67238079714901,10.3697614978711,0.00634539556105311
"Car4.3",9.67238079714901,10.3697614978711,0.00634539556105311
"Esyt2",9.15185033893092,1.32230460123729,0.449286555257953
"Esyt2.1",9.15185033893092,1.32230460123729,0.449286555257953
"Esyt2.2",9.15185033893092,1.32230460123729,0.449286555257953
"Esyt2.3",9.15185033893092,1.32230460123729,0.449286555257953
"Esyt2.4",9.15185033893092,1.32230460123729,0.449286555257953
"Esyt2.5",9.15185033893092,1.32230460123729,0.449286555257953
"Esyt2.6",9.15185033893092,1.32230460123729,0.449286555257953
"Tfrc",7.33928753972053,0.202146191678389,1.08106926188255
"Tfrc.1",7.33928753972053,0.202146191678389,1.08106926188255
"Tfrc.2",7.33928753972053,0.202146191678389,1.08106926188255
"Tfrc.3",7.33928753972053,0.202146191678389,1.08106926188255
"Tfrc.4",7.33928753972053,0.202146191678389,1.08106926188255
"Tfrc.5",7.33928753972053,0.202146191678389,1.08106926188255
"Tfrc.6",7.33928753972053,0.202146191678389,1.08106926188255
"Tspan13",11.1846739512925,0.0789572940146409,0.204264145669066
"Tspan13.1",11.1846739512925,0.0789572940146409,0.204264145669066
"Fcgrt",4.22868119868115,1.93626777363038,0.638194820150576
"Fcgrt.1",4.22868119868115,1.93626777363038,0.638194820150576
"Fcgrt.2",4.22868119868115,1.93626777363038,0.638194820150576
"Fcgrt.3",4.22868119868115,1.93626777363038,0.638194820150576
"Tmem123",5.83222820299985,2.19231385624194,0.466702114313546
"Tmem123.1",5.83222820299985,2.19231385624194,0.466702114313546
"Tmem123.2",5.83222820299985,2.19231385624194,0.466702114313546
"Tmem123.3",5.83222820299985,2.19231385624194,0.466702114313546
"Tmem123.4",5.83222820299985,2.19231385624194,0.466702114313546
"Tmem123.5",5.83222820299985,2.19231385624194,0.466702114313546
"Adgrf5",13.2601339652926,1.2631048841242,0.0130190435578313
"Pdgfb.4",7.06111099284443,0.211034496223759,0.00508472571427381
"Pdgfb.5",7.06111099284443,0.211034496223759,0.00508472571427381
"Pdgfb.6",7.06111099284443,0.211034496223759,0.00508472571427381
"Pdgfb.7",7.06111099284443,0.211034496223759,0.00508472571427381
"Pdgfb.8",7.06111099284443,0.211034496223759,0.00508472571427381
"Pdgfb.9",7.06111099284443,0.211034496223759,0.00508472571427381
"Pdgfb.10",7.06111099284443,0.211034496223759,0.00508472571427381
"Ptprb",19.3872051088796,0,0.00654835514230273
"Ptprb.1",19.3872051088796,0,0.00654835514230273
"Ptprb.2",19.3872051088796,0,0.00654835514230273
"Ptprb.3",19.3872051088796,0,0.00654835514230273
"Ptprb.4",19.3872051088796,0,0.00654835514230273
"Thbd.4",4.12523478759581,0.756409818042469,0.00448835848356652
"Thbd.5",4.12523478759581,0.756409818042469,0.00448835848356652
"Thbd.6",4.12523478759581,0.756409818042469,0.00448835848356652
"Thbd.7",4.12523478759581,0.756409818042469,0.00448835848356652
"Igfbp3",0.0770973968387963,0,0
"Igfbp3.1",0.0770973968387963,0,0
"Igfbp3.2",0.0770973968387963,0,0
"Igfbp3.3",0.0770973968387963,0,0
"Igfbp3.4",0.0770973968387963,0,0
"Igfbp3.5",0.0770973968387963,0,0
"Igfbp5",0.0217600339135577,0,0.66975962354009
"Igfbp5.1",0.0217600339135577,0,0.66975962354009
"Igfbp5.2",0.0217600339135577,0,0.66975962354009
"Igfbp5.3",0.0217600339135577,0,0.66975962354009
"Igfbp5.4",0.0217600339135577,0,0.66975962354009
"Igfbp5.5",0.0217600339135577,0,0.66975962354009
"Igfbp5.6",0.0217600339135577,0,0.66975962354009
"Timp3.2",2.84356043722942,1.7025542727362,5.34788189213973
"Timp3.3",2.84356043722942,1.7025542727362,5.34788189213973
"Timp3.4",2.84356043722942,1.7025542727362,5.34788189213973
"Ltbp1.1",0.0738545078534815,0.11567100290026,0.876055472748377
"Ltbp1.2",0.0738545078534815,0.11567100290026,0.876055472748377
"Ltbp1.3",0.0738545078534815,0.11567100290026,0.876055472748377
"Ltbp1.4",0.0738545078534815,0.11567100290026,0.876055472748377
"Ltbp1.5",0.0738545078534815,0.11567100290026,0.876055472748377
"Ltbp1.6",0.0738545078534815,0.11567100290026,0.876055472748377
"Ltbp1.7",0.0738545078534815,0.11567100290026,0.876055472748377
"Ltbp1.8",0.0738545078534815,0.11567100290026,0.876055472748377
"Ltbp1.9",0.0738545078534815,0.11567100290026,0.876055472748377
"Ltbp1.10",0.0738545078534815,0.11567100290026,0.876055472748377
"Mmrn2",4.07584219260362,0.0323005610553055,0.0507509827402358
"Crim1",1.37342211209355,3.3218965185731,0.514936025805197
"Crim1.1",1.37342211209355,3.3218965185731,0.514936025805197
"Hspg2.4",0.962466375985922,0.558473765907871,0.0108532247727383
"Hspg2.5",0.962466375985922,0.558473765907871,0.0108532247727383
"Hspg2.6",0.962466375985922,0.558473765907871,0.0108532247727383
"Hspg2.7",0.962466375985922,0.558473765907871,0.0108532247727383
"Hspg2.8",0.962466375985922,0.558473765907871,0.0108532247727383
"Serpinh1",4.45981479709094,8.85095858711215,3.39005600825014
"Serpinh1.1",4.45981479709094,8.85095858711215,3.39005600825014
"Serpinh1.2",4.45981479709094,8.85095858711215,3.39005600825014
"Adamts1",1.36141604327439,0.332769801835734,0.32983395894114
"Adamts1.1",1.36141604327439,0.332769801835734,0.32983395894114
"Adamts1.2",1.36141604327439,0.332769801835734,0.32983395894114
"Ctsd",1.36756882774094,1.63843709046985,3.98068958508628
"Ctsd.1",1.36756882774094,1.63843709046985,3.98068958508628
"Ctsd.2",1.36756882774094,1.63843709046985,3.98068958508628
"Ctsd.3",1.36756882774094,1.63843709046985,3.98068958508628
"Ctsd.4",1.36756882774094,1.63843709046985,3.98068958508628
"Ctsd.5",1.36756882774094,1.63843709046985,3.98068958508628
"Ctsd.6",1.36756882774094,1.63843709046985,3.98068958508628
"Ctsd.7",1.36756882774094,1.63843709046985,3.98068958508628
"Psme1",1.49420573391625,0.370189247368933,0.173441219511525
"Psme1.1",1.49420573391625,0.370189247368933,0.173441219511525
"Psme1.2",1.49420573391625,0.370189247368933,0.173441219511525
"Psme1.3",1.49420573391625,0.370189247368933,0.173441219511525
"Psme1.4",1.49420573391625,0.370189247368933,0.173441219511525
"Psme1.5",1.49420573391625,0.370189247368933,0.173441219511525
"Psme1.6",1.49420573391625,0.370189247368933,0.173441219511525
"Psme1.7",1.49420573391625,0.370189247368933,0.173441219511525
"Psme1.8",1.49420573391625,0.370189247368933,0.173441219511525
"Psme1.9",1.49420573391625,0.370189247368933,0.173441219511525
"Grn",1.52967752914922,1.71113759311571,1.54052687036874
"Grn.1",1.52967752914922,1.71113759311571,1.54052687036874
"Grn.2",1.52967752914922,1.71113759311571,1.54052687036874
"Fth1",9.82223729331618,5.35054626321981,12.9975489819966
"Fth1.1",9.82223729331618,5.35054626321981,12.9975489819966
"Fth1.2",9.82223729331618,5.35054626321981,12.9975489819966
"Fth1.3",9.82223729331618,5.35054626321981,12.9975489819966
"Fth1.4",9.82223729331618,5.35054626321981,12.9975489819966
"Fth1.5",9.82223729331618,5.35054626321981,12.9975489819966
"Fth1.6",9.82223729331618,5.35054626321981,12.9975489819966
"Ctsl",1.61829388815577,2.36331521403612,2.11373071673866
"Ctsl.1",1.61829388815577,2.36331521403612,2.11373071673866
"Ctsl.2",1.61829388815577,2.36331521403612,2.11373071673866
"Ctsl.3",1.61829388815577,2.36331521403612,2.11373071673866
"Ctsl.4",1.61829388815577,2.36331521403612,2.11373071673866
"Ctsl.5",1.61829388815577,2.36331521403612,2.11373071673866
"Ctsl.6",1.61829388815577,2.36331521403612,2.11373071673866
"Anxa2",2.03928711965054,0.861296549126125,0.00862247662961194
"Anxa2.1",2.03928711965054,0.861296549126125,0.00862247662961194
"Anxa2.2",2.03928711965054,0.861296549126125,0.00862247662961194
"Anxa2.3",2.03928711965054,0.861296549126125,0.00862247662961194
"Anxa2.4",2.03928711965054,0.861296549126125,0.00862247662961194
"Anxa2.5",2.03928711965054,0.861296549126125,0.00862247662961194
"Anxa2.6",2.03928711965054,0.861296549126125,0.00862247662961194
"Anxa2.7",2.03928711965054,0.861296549126125,0.00862247662961194
"Marcks",0.605753507160123,10.2794695651932,0.624863022076434
"Marcks.1",0.605753507160123,10.2794695651932,0.624863022076434
"Marcks.2",0.605753507160123,10.2794695651932,0.624863022076434
"Marcks.3",0.605753507160123,10.2794695651932,0.624863022076434
"Marcks.4",0.605753507160123,10.2794695651932,0.624863022076434
"Marcks.5",0.605753507160123,10.2794695651932,0.624863022076434
"Clec14a",1.42096801254098,0.0182318234425081,0
"Sgk1",1.71451849726089,0.200351710593422,0.0245424379664288
"Sgk1.1",1.71451849726089,0.200351710593422,0.0245424379664288
"Sgk1.2",1.71451849726089,0.200351710593422,0.0245424379664288
"Sgk1.3",1.71451849726089,0.200351710593422,0.0245424379664288
"Sgk1.4",1.71451849726089,0.200351710593422,0.0245424379664288
"Sgk1.5",1.71451849726089,0.200351710593422,0.0245424379664288
"Sgk1.6",1.71451849726089,0.200351710593422,0.0245424379664288
"Sgk1.7",1.71451849726089,0.200351710593422,0.0245424379664288
"Sgk1.8",1.71451849726089,0.200351710593422,0.0245424379664288
"Tmem176b",0.693590665089235,0,2.77754156812757
"Kdr",14.4371030974587,0.096638199588481,0.0288452283689544
"Kdr.1",14.4371030974587,0.096638199588481,0.0288452283689544
"Kdr.2",14.4371030974587,0.096638199588481,0.0288452283689544
"Kdr.3",14.4371030974587,0.096638199588481,0.0288452283689544
"Kdr.4",14.4371030974587,0.096638199588481,0.0288452283689544
"Kdr.5",14.4371030974587,0.096638199588481,0.0288452283689544
"Kdr.6",14.4371030974587,0.096638199588481,0.0288452283689544
"Kdr.7",14.4371030974587,0.096638199588481,0.0288452283689544
"Kdr.8",14.4371030974587,0.096638199588481,0.0288452283689544
"Plscr2",0.69907144520599,0.331126517223458,0.056887107030343
"NA..8",NA,NA,NA
"NA..9",NA,NA,NA
"NA..10",NA,NA,NA
"NA..11",NA,NA,NA
"NA..12",NA,NA,NA
"NA..13",NA,NA,NA
"NA..14",NA,NA,NA
"NA..15",NA,NA,NA
"NA..16",NA,NA,NA
"Emcn",8.249379914666,3.01923358757316,0.00538653988127071
"Itm2b",22.6440421861939,57.4524714262896,13.2921542925914
"Cd47",3.34490371736095,1.25750325472766,5.8804345319029
"Cd47.1",3.34490371736095,1.25750325472766,5.8804345319029
"Cd47.2",3.34490371736095,1.25750325472766,5.8804345319029
"Cd47.3",3.34490371736095,1.25750325472766,5.8804345319029
"Cd47.4",3.34490371736095,1.25750325472766,5.8804345319029
"Cd47.5",3.34490371736095,1.25750325472766,5.8804345319029
"Cd47.6",3.34490371736095,1.25750325472766,5.8804345319029
"Cd47.7",3.34490371736095,1.25750325472766,5.8804345319029
"Cd47.8",3.34490371736095,1.25750325472766,5.8804345319029
"Jak1",1.50149511443999,5.41723886339409,1.90556474119057
"Jak1.1",1.50149511443999,5.41723886339409,1.90556474119057
"Jak1.2",1.50149511443999,5.41723886339409,1.90556474119057
"Jak1.3",1.50149511443999,5.41723886339409,1.90556474119057
"Jak1.4",1.50149511443999,5.41723886339409,1.90556474119057
"Jak1.5",1.50149511443999,5.41723886339409,1.90556474119057
"Jak1.6",1.50149511443999,5.41723886339409,1.90556474119057
"Jak1.7",1.50149511443999,5.41723886339409,1.90556474119057
"Jak1.8",1.50149511443999,5.41723886339409,1.90556474119057
"Jak1.9",1.50149511443999,5.41723886339409,1.90556474119057
"Tnfsf10.2",1.61060789006631,0.074803518003096,0.0317776069025421
"Tnfsf10.3",1.61060789006631,0.074803518003096,0.0317776069025421
"Tnfsf10.4",1.61060789006631,0.074803518003096,0.0317776069025421
"Tnfsf10.5",1.61060789006631,0.074803518003096,0.0317776069025421
"Tnfsf10.6",1.61060789006631,0.074803518003096,0.0317776069025421
"Tnfsf10.7",1.61060789006631,0.074803518003096,0.0317776069025421
"Tnfsf10.8",1.61060789006631,0.074803518003096,0.0317776069025421
"Tnfsf10.9",1.61060789006631,0.074803518003096,0.0317776069025421
"Tnfsf10.10",1.61060789006631,0.074803518003096,0.0317776069025421
"NA..17",NA,NA,NA
"NA..18",NA,NA,NA
"NA..19",NA,NA,NA
"NA..20",NA,NA,NA
"NA..21",NA,NA,NA
"NA..22",NA,NA,NA
"NA..23",NA,NA,NA
"NA..24",NA,NA,NA
"NA..25",NA,NA,NA
"Cd200",1.78288349204679,0.739568167431265,0.00965566768998919
"Cd200.1",1.78288349204679,0.739568167431265,0.00965566768998919
"Cd200.2",1.78288349204679,0.739568167431265,0.00965566768998919
"Cd200.3",1.78288349204679,0.739568167431265,0.00965566768998919
"Cd200.4",1.78288349204679,0.739568167431265,0.00965566768998919
"NA..26",NA,NA,NA
"NA..27",NA,NA,NA
"NA..28",NA,NA,NA
"NA..29",NA,NA,NA
"NA..30",NA,NA,NA
"NA..31",NA,NA,NA
"Mme",0.581669770646074,1.07458003889836,1.98997442084951
"Tm4sf1",5.20478269389062,8.64270556802984,0.00382579585701352
"Tnfrsf1a",0.806018642252936,2.18002481822398,0.868190979712704
"Tnfrsf1a.1",0.806018642252936,2.18002481822398,0.868190979712704
"Tnfrsf1a.2",0.806018642252936,2.18002481822398,0.868190979712704
"Tnfrsf1a.3",0.806018642252936,2.18002481822398,0.868190979712704
"Tnfrsf1a.4",0.806018642252936,2.18002481822398,0.868190979712704
"Tnfrsf1a.5",0.806018642252936,2.18002481822398,0.868190979712704
"Tnfrsf1a.6",0.806018642252936,2.18002481822398,0.868190979712704
"Tnfrsf1a.7",0.806018642252936,2.18002481822398,0.868190979712704
"Tnfrsf1a.8",0.806018642252936,2.18002481822398,0.868190979712704
"Tnfrsf1a.9",0.806018642252936,2.18002481822398,0.868190979712704
"Lifr",1.17713497228781,0.560214969157327,0.675532510655406
"Lifr.1",1.17713497228781,0.560214969157327,0.675532510655406
"Lifr.2",1.17713497228781,0.560214969157327,0.675532510655406
"Lifr.3",1.17713497228781,0.560214969157327,0.675532510655406
"Lifr.4",1.17713497228781,0.560214969157327,0.675532510655406
"Lifr.5",1.17713497228781,0.560214969157327,0.675532510655406
"Lifr.6",1.17713497228781,0.560214969157327,0.675532510655406
"Lifr.7",1.17713497228781,0.560214969157327,0.675532510655406
"Lifr.8",1.17713497228781,0.560214969157327,0.675532510655406
"Flt4",1.04232124738724,0,0.00058440588074502
"Flt4.1",1.04232124738724,0,0.00058440588074502
"Flt4.2",1.04232124738724,0,0.00058440588074502
"Flt4.3",1.04232124738724,0,0.00058440588074502
"Flt4.4",1.04232124738724,0,0.00058440588074502
"Flt4.5",1.04232124738724,0,0.00058440588074502
"Flt4.6",1.04232124738724,0,0.00058440588074502
"Flt4.7",1.04232124738724,0,0.00058440588074502
"Flt4.8",1.04232124738724,0,0.00058440588074502
"Flt4.9",1.04232124738724,0,0.00058440588074502
"Rdx",2.89325338562583,1.39743235528709,1.30068665045801
"Rdx.1",2.89325338562583,1.39743235528709,1.30068665045801
"Rdx.2",2.89325338562583,1.39743235528709,1.30068665045801
"Rdx.3",2.89325338562583,1.39743235528709,1.30068665045801
"Rdx.4",2.89325338562583,1.39743235528709,1.30068665045801
"Rdx.5",2.89325338562583,1.39743235528709,1.30068665045801
"Rdx.6",2.89325338562583,1.39743235528709,1.30068665045801
"Rdx.7",2.89325338562583,1.39743235528709,1.30068665045801
"Unc13d",0.435766298142743,0.600307399761666,0.613687314356501
"Unc13d.1",0.435766298142743,0.600307399761666,0.613687314356501
"Rhoj",1.74218144135047,2.98014251673852,0.140969178035912
"Rhoj.1",1.74218144135047,2.98014251673852,0.140969178035912
"Rhoj.2",1.74218144135047,2.98014251673852,0.140969178035912
"Rhoj.3",1.74218144135047,2.98014251673852,0.140969178035912
"Rhoj.4",1.74218144135047,2.98014251673852,0.140969178035912
"Rhoj.5",1.74218144135047,2.98014251673852,0.140969178035912
"Rhoj.6",1.74218144135047,2.98014251673852,0.140969178035912
"Rhoj.7",1.74218144135047,2.98014251673852,0.140969178035912
"Rhoj.8",1.74218144135047,2.98014251673852,0.140969178035912
"Rhoj.9",1.74218144135047,2.98014251673852,0.140969178035912
"Cald1",1.25854206288916,23.6661781854687,0.0387612800730143
"Cald1.1",1.25854206288916,23.6661781854687,0.0387612800730143
"Cald1.2",1.25854206288916,23.6661781854687,0.0387612800730143
"Cald1.3",1.25854206288916,23.6661781854687,0.0387612800730143
"Gnao1",0.16558558067006,0.919359185138862,24.6515549160287
"Ocrl",0.260686359392205,0.660897459546402,0.875840185294706
"Fbp1",0,0,0
"Fbxo2",0,0.0245403110899533,1.63454804931846
"Cacna1b",0.0677527169052566,0.0381852115943368,0.0700592519869047
"Cmas",0.287694853586931,0.503356778763707,0.186752305448513
"Lmo1",0.021860421845175,0,0.056390392034292
"Ldb1",0.576043135329721,0.999063441019957,0.801685800716038
"Plod2",0.171772235944129,0.625454527250009,0.265445850771986
"Msx1",0.155761095773185,0.103073082573649,0.103269136779828
"Pax6",0,0.0458296067127765,1.4931718011869
"Psmd3",0.918620781365949,0.400284235616627,0.59450656729749
"Slc4a1ap",0.210896690093916,0.396334359013907,0.129390509172491
"Dcx",0.0246906527576088,0.0447817456176684,0.0602011743985009
"Tuba1a",6.67635650810454,7.09538438268468,2.85426030198801
"Tuba4a",0.0826063490671879,0.0417752411022912,0.747381785292428
"Egfr",0.0317612664755127,0.235963377915261,1.63781937177375
"Igf1.1",0.0223185311442568,0,0.00637115436393295
"Igf2.3",0.177698677374195,7.1465592809977,0.00292743190447678
"NA..32",NA,NA,NA
"Ilvbl",0.129546506141255,0.423635795299668,0.46774654269964
"Fxyd2",0.00764828678276688,0.0663297511882725,0.00649075214024554
"Atp1a3",0.0619536497514601,0.106502329561889,0.0700400862556563
"Atp1a2",1.72984545489642,171.642479340775,115.915099177993
"Atp1a1",3.27066817581269,0.662642798511993,0.322834947352703
"NA..33",NA,NA,NA
"Atp1b1",0.128380049088107,0.277530345105597,4.19469846430631
"Atp1b1.1",0.128380049088107,0.277530345105597,4.19469846430631
"Atp1b1.2",0.128380049088107,0.277530345105597,4.19469846430631
"Atp1b1.3",0.128380049088107,0.277530345105597,4.19469846430631
"Atp1b1.4",0.128380049088107,0.277530345105597,4.19469846430631
"Htr2b",0,0,0.00909800305386793
"Kmt2b",0.158405369654241,0.201883586221423,0.168107458266534
"Gas6.3",1.46192631469701,0.114709696088197,0.713270225996892
"Tnk2",0.858024933027213,0.197399146923961,0.840340009976696
"NA..34",NA,NA,NA
"NA..35",NA,NA,NA
"Vav1",0,0,0.00092509518408967
"Bmp2.8",0.0252387728308252,0,0.00187525628710734
"NA..36",NA,NA,NA
"Bmp4.3",0.0328036902347926,2.04824620249005,0.0234636525019983
"Calcoco2",0,0,0
"Chrdl1",0,0.0141652354945751,3.02806916914378
"NA..37",NA,NA,NA
"Havcr2",0,0,0.00708443479676598
"NA..38",NA,NA,NA
"NA..39",NA,NA,NA
"Adrb2",0.187715379659254,0,0.0113369954225824
"Bud31",0.257066373174838,0.289021685432969,0.163210366643885
"Ccr2",0.0319048526043677,0,0.0685538753562414
"Ccr9",0.0771202567087964,0.243251544221229,0.0465446000498769
"Chrm2",0,0,0
"Chrm4",0,0,0
"Gnrhr",0,0,0
"Gpr35",0.0487893946676357,0,0.0490860181298823
"Htr4",0,0,0
"Ltb4r2",0,0,0.0102684358998602
"Oxtr",0,0,0
"Smo",0.142102440412383,0.500428800289353,0.39282941861782
"Tspan7",0.270646623093233,0.455664185922902,31.5860215900882
"Tspan7.1",0.270646623093233,0.455664185922902,31.5860215900882
"Cacng2",0.0360274317402828,0.0181469578406224,0.0223916094196705
"Gria4",0.0181593112627575,0,0.0134795537945626
"Dlg3",0.00579803404635327,0.203918361307946,0.203291103028649
"Dlg2",0.0550909478339727,0.0226111348419643,0.034598716173531
"Dlg1",0.638068124858198,0.546116418606108,0.725389461622249
"Gria2",0.146950173062621,0.17597332195483,12.7488616821156
"Nsf",0.93519453545249,0.501917626966247,0.476778793320827
"Lss",0.0760788356113302,0.16185937242235,0.480414339434077
"Pla2g15",0.114865504080364,0.131668045812666,0.448924986487376
"NA..40",NA,NA,NA
"Pqlc1",0.576811866920157,0.0954335541019327,0.0852422203968152
"Hpcal1",0.829847511685727,0.283390287367186,0.0197921773740621
"Usp20",0.0262122373580987,0.0608019091213423,0.110928545565599
"Usp33",0.415826913718488,0.679755210774469,0.445590606540943
"Wsb1",0.765234792495599,1.78987720795978,1.78778485336967
"NA..41",NA,NA,NA
"NA..42",NA,NA,NA
"Ar",0.0112430166534365,0,0.00273031312696027
"Foxo1",3.03650710401572,0.983017792221073,2.19611032630858
"Srf",0.127857201969217,0.083517426091658,0.0143452039361471
"Tle1",0.716322814914756,1.38104531799196,1.01435052542102
"Tle3",0.305255799391758,0.450502463337453,0.260668007390232
"Pdzd3",0,0,0
"Prkcb",0.982506036622649,0.219203880005128,0.465204569395026
"Prkcg",0.0738244212786559,0.122726183078614,0.0337511102148477
"Prkca",0.0269896920430619,0.264408733095406,0.333827851665511
"Calm1",16.6717884593128,9.28899890329465,6.21601851834264
"Trim62",0.0658371857925822,0.474401943116143,0.168376457179432
"Psd",0.0809997600791512,0.0493720157025927,0.0592623944350789
"Taok3",0.624237994597416,0.714811647483666,0.382944178330913
"NA..43",NA,NA,NA
"Sumo1",1.20274684906633,0.801225344170306,0.545281420309554
"Senp1",0.285764799666362,0.56048358453735,0.232772936952352
"Rev3l",0.193845598590895,0.130398583392283,0.375508171061195
"Fkbp6",0,0.0136143489656366,0.00648000689803055
"Skiv2l",0.401311017951816,0.210446493906091,0.510337666140418
"NA..44",NA,NA,NA
"Entpd6",0.0799681931328436,0.0689468078227497,0.401123372111694
"Siae",0.226489796667345,0.227321723043712,0.487441402244088
"Tmem2",0.200787943260253,1.51845251590961,0.111792900385735
"Gopc",0.637540729582531,0.371063846444193,0.167634419610556
"Erbb3",0.0174109733227605,0,0.00075292844770717
"Colec12",0.00994256044007159,7.04426769940321,0.0397144859319291
"Tmx1",0.679563419031629,1.11394250468151,1.50568221451126
"Mlx",0.203767764383666,0.423249251232232,0.168839097276969
"Lypd1",0.0218721370065426,0,0.0612549448068231
"Man2a1",0.523696887747581,1.04854308696569,0.0950313548825512
"Man2a2",0.173061648253363,0.497573623037014,0.376022494186605
"Slc7a14",0.102221490619636,0.0897648741685267,0.0817686913162245
"Hmcn2",0,0.127430621221383,0.0104762703545144
"Mib1",0.931565438940655,0.666489170798374,0.557428660753208
"Fam171a1",0.32408712867942,0.213992632980539,0.447639267029021
"Fam171a2",0.0706396847739224,0.0487021054099882,0.0699571739993929
"Phkg2",0.12105621781534,0.109775510150188,0.421172929932829
"C4a",0,0,0.0215404188680316
"Mpz",0,0,0
"Siva1",0.27935825895209,0.39686129005734,0.0856814687209
"Canx",1.86992927364838,2.1909709410862,1.69718035587697
"Pex19",0.42683022238206,0.416117591249163,0.411392763152832
"Smim3",0,1.0532579738228,0.873376846308431
"Camk2g",0.384866682705431,0.684776716904935,4.63727949901889
"Grin2b",0.227422840433288,0.105908361494929,0.245110610846011
"Camk2d",0.657121324071247,1.62304861004408,0.904120575600798
"Myc",0,0,0.0641734226806907
"Zbtb17",0.36012635496658,0.432246922931441,0.175573787446041
"Smad2",0.121346028553037,0.290287694064527,0.157572925958387
"Cars2",0.234735958585618,0.163587919832192,0.283671369230133
"Plk1",0,0,0.00963604861082467
"Tln1",1.47684929183452,3.25528880641043,0.301174599386813
"Tln2",0.182768448668369,0.485354637261739,0.401873991467427
"Epc1",0.554113080856092,0.346403200102279,0.377287719345482
"Srf.1",0.127857201969217,0.083517426091658,0.0143452039361471
"Hdac2",0.728181175709504,0.969151836158861,0.448512178687756
"Crtam",0.0619356873050456,0,0
"Epb41l1",0.0227461423816581,0.427350559576905,0.174598896341618
"Epb41",0.341880100615088,1.49860667292533,0.0764421534088034
"Epb41l2",0.874612074940236,4.81439558263012,1.92886381207281
"Epb41l3",0.20515201896747,0.105293871462957,0.249738436155648
"Cadm1",1.42289585686462,0.621760239994395,16.1657779983708
"Vegfb.2",0.136866269596912,0.176614090579031,1.03347580120333
"Pgf.3",0,0.129466831340996,0.0257748875245843
"Flt1",47.9596607403352,1.28109596579968,0.0672117464374381
"Nrp1",2.77126978167512,0.823129933751074,0.364689434741038
"Nrp2",0.376395625436673,0.12054189207033,0.0470161923073881
"Kdr.9",14.4371030974587,0.096638199588481,0.0288452283689544
"Kdr.10",14.4371030974587,0.096638199588481,0.0288452283689544
"Nrp1.1",2.77126978167512,0.823129933751074,0.364689434741038
"Nrp1.2",2.77126978167512,0.823129933751074,0.364689434741038
"Vegfa.6",0.0139237608237815,0.125787707305279,7.97085513083268
"Vegfa.7",0.0139237608237815,0.125787707305279,7.97085513083268
"Vcan.6",0.0202915301910972,0.0416661891550144,0.15106693616217
"Mmp2.1",0,0,0.00138833017118478
"Mmp7.3",0,0,0
"Mmp10",0,0,0
"Acan",0,0,0.00214384163911665
"Pdpk1",0.786458362907251,1.21536486519508,0.704005445760348
"Egln1",1.29509380247541,0.897812411417058,0.52826450114637
"NA..45",NA,NA,NA
"Vhl",0.142050696516262,0.200252062582576,0.669188576416761
"Ppp2ca",2.6358100375216,3.4944845093804,3.23083338696641
"Casp3",0.0574977177825919,0.139860652861745,0.252845973449635
"Myh13",0,0,0.00203235178221975
"Znrf1",1.2597792746907,0.400017182924706,0.402197686931436
"Tchp",0.10817730357982,0.0726443739088355,0.143775847170483
"Hspd1",1.05456321787345,1.36391392431196,1.00383360674368
"Kdsr",0.706984330989765,0.206899104660871,1.32531511285372
"Tat",0,0,0
"Glul.2",12.7497389987207,1.0520846384179,76.0866216387454
"Glul.3",12.7497389987207,1.0520846384179,76.0866216387454
"NA..46",NA,NA,NA
"Chrna3",0,0,0.00562089555115703
"Chrna4",0.00949618787583118,0,0.00140326691260591
"Ss18l2",0.114939744970914,0.18040863786467,0.317092805446655
"Dnm2",1.14724471519663,0.889690698963541,0.496121394114325
"Dnm1",0.113584820251313,0.0855907217483219,0.0290601655751641
"NA..47",NA,NA,NA
"Fat3",0,0.0286745765833198,0.396708075157289
"Fat1",0.0334642400019025,1.0219331173634,0.674834185487971
"Dchs1",0.238945773297774,0.0597890065324328,0.22464564289555
"Dchs2",0.00935217955496666,0,0
"Mapre1",2.89139885366338,2.38533062993634,1.79063533338373
"Mapre2",0.653165251417773,3.13215469594012,1.26301546429225
"Mapre3",0.143145006966198,0.311270173531168,0.27327212413012
"Vcl",0.900469842378494,7.42683270127975,1.89144326929622
"Tctex1d2",0.0378060733900131,0.169497321953583,0.0674386601178037
"NA..48",NA,NA,NA
"NA..49",NA,NA,NA
"Spata13",0.261687699986016,0.934793246465553,0.0200123234144722
"NA..50",NA,NA,NA
"Jun",6.33046427085816,1.62493315301346,0.948446745891569
"Mrpl58",0.088076325768847,0.205817211540593,0.127146889532758
"Rtn3",3.56476605172862,2.9333093984529,5.4403470518405
"Rabac1",2.88617820614947,3.71621973766588,1.28703986180355
"NA..51",NA,NA,NA
"Gnb4",0.881634835674956,2.02839975416898,0.0889303490779635
"Gnb3.1",0.0127368117120808,0,0.00355578942425085
"Cdk4",0.853842813018838,1.31172306007496,1.10322919116075
"Cdkn1b",1.2520777760116,2.31927431547401,1.26609168799093
"Cdkn1a",4.7305523438843,0.144271997722352,0.129790653842296
"Cdk6",0.309852714296508,1.04838375695598,0.213426463584106
"Rbl2",0.453725269434319,0.501800451089618,0.323102009265324
"Adrb2.1",0.187715379659254,0,0.0113369954225824
"Ccnd2",0.292401815560727,1.07554168121514,1.7940686242251
"Ccnd2.1",0.292401815560727,1.07554168121514,1.7940686242251
"Ccnd2.2",0.292401815560727,1.07554168121514,1.7940686242251
"Ccnd2.3",0.292401815560727,1.07554168121514,1.7940686242251
"Pcgf2",0.0567276704383795,0.101603000669146,0.0228003648575827
"Xiap",1.85685558144297,1.56359584147909,0.863132015986024
"Senp1.1",0.285764799666362,0.56048358453735,0.232772936952352
"Cnot7",0.625304480253626,0.455465233462899,0.514680482853931
"Sdccag8",0.383792684011926,0.236912654700388,0.205910519933463
"Syngr2",0.542229513893853,0.629064385778072,0.242915715775968
"Cnot7.1",0.625304480253626,0.455465233462899,0.514680482853931
"Hsd17b7",0.091399436093648,0.297880374752337,0.835582285012419
"NA..52",NA,NA,NA
"Nsdhl",0.261351378994489,0.187692659054507,1.19958617552895
"Eif3f",1.47881180033057,0.856505844400157,0.442881280020527
"Eif3a",2.93012821810822,1.70065910044093,1.17812407229542
"Fuca2",0.385955799043194,0.220745396302524,0.783546920964126
"Itgb5",0.0363430299904081,3.18409596682944,0.731220114335081
"Pdgfrb",0.0526165386255195,21.520745425963,0.631463956614381
"Myc.1",0,0,0.0641734226806907
"Ythdf1",0.485992963580374,0.58870562036915,0.327820213497307
"Ccdc90b",0.360433309126112,0.453388725166257,0.418302805007451
"Mcu",0.189655223300033,0.118593137944885,0.457705426681675
"Cpt2",0.162854821810747,0.166341537132841,0.240594265852821
"Surf4",1.16789733427688,1.56947464632234,1.89252098053815
"Sparc",23.1633062011114,21.0508380081183,1.36575032881503
"Sparc.1",23.1633062011114,21.0508380081183,1.36575032881503
"Sparc.2",23.1633062011114,21.0508380081183,1.36575032881503
"Sparc.3",23.1633062011114,21.0508380081183,1.36575032881503
"Sparc.4",23.1633062011114,21.0508380081183,1.36575032881503
"Sparc.5",23.1633062011114,21.0508380081183,1.36575032881503
"Sparc.6",23.1633062011114,21.0508380081183,1.36575032881503
"Sparc.7",23.1633062011114,21.0508380081183,1.36575032881503
"Sparc.8",23.1633062011114,21.0508380081183,1.36575032881503
"Sparc.9",23.1633062011114,21.0508380081183,1.36575032881503
"Sparc.10",23.1633062011114,21.0508380081183,1.36575032881503
"Sparc.11",23.1633062011114,21.0508380081183,1.36575032881503
"Agt.4",0,0,0.795419495178573
"Agt.5",0,0,0.795419495178573
"Agt.6",0,0,0.795419495178573
"Agt.7",0,0,0.795419495178573
"Agt.8",0,0,0.795419495178573
"Agt.9",0,0,0.795419495178573
"Agt.10",0,0,0.795419495178573
"Agt.11",0,0,0.795419495178573
"Agt.12",0,0,0.795419495178573
"Agt.13",0,0,0.795419495178573
"Nnat",0,0,0.259382017764728
"Nnat.1",0,0,0.259382017764728
"Nnat.2",0,0,0.259382017764728
"Nnat.3",0,0,0.259382017764728
"Nnat.4",0,0,0.259382017764728
"Nnat.5",0,0,0.259382017764728
"Nnat.6",0,0,0.259382017764728
"Nnat.7",0,0,0.259382017764728
"Nnat.8",0,0,0.259382017764728
"Nnat.9",0,0,0.259382017764728
"Sfrp5",0.00606318445051538,0,0.308070323031243
"Sfrp5.1",0.00606318445051538,0,0.308070323031243
"Sfrp5.2",0.00606318445051538,0,0.308070323031243
"Sfrp5.3",0.00606318445051538,0,0.308070323031243
"Sfrp5.4",0.00606318445051538,0,0.308070323031243
"Sfrp5.5",0.00606318445051538,0,0.308070323031243
"Sfrp5.6",0.00606318445051538,0,0.308070323031243
"Sfrp5.7",0.00606318445051538,0,0.308070323031243
"Sfrp5.8",0.00606318445051538,0,0.308070323031243
"Sfrp5.9",0.00606318445051538,0,0.308070323031243
"Sfrp5.10",0.00606318445051538,0,0.308070323031243
